artifact_name,path,size_bytes,produced_by_job,used_by_gate,notes
copper_ci_28321186683_20260628_051002_00,research/results/imported_ci/copper_ci_28321186683_20260628_051002_00/dist/copper-artifact.zip,3552769,artifact,G18,imported from downloaded GitHub Actions artifact
copper_ci_28321186683_20260628_051002_00,research/results/imported_ci/copper_ci_28321186683_20260628_051002_00/REPRODUCIBILITY_STATUS.md,6986,github_actions,G1,imported from downloaded GitHub Actions artifact
copper_ci_28321186683_20260628_051002_00,research/results/imported_ci/copper_ci_28321186683_20260628_051002_00/research/CONFERENCE_READINESS_DASHBOARD.md,6324,github_actions,G1,imported from downloaded GitHub Actions artifact
copper_ci_28321186683_20260628_051002_00,research/results/imported_ci/copper_ci_28321186683_20260628_051002_00/research/COPPER_CLAIM_LEDGER.md,7005,github_actions,G1,imported from downloaded GitHub Actions artifact
copper_ci_28321186683_20260628_051002_00,research/results/imported_ci/copper_ci_28321186683_20260628_051002_00/research/COPPER_FINAL_SUBMISSION_BLOCKERS.md,2768,github_actions,G1,imported from downloaded GitHub Actions artifact
copper_ci_28321186683_20260628_051002_00,research/results/imported_ci/copper_ci_28321186683_20260628_051002_00/research/paper/main.pdf,118105,paper,G19,imported from downloaded GitHub Actions artifact
copper_ci_28321186683_20260628_051002_00,research/results/imported_ci/copper_ci_28321186683_20260628_051002_00/research/results/ablation.csv,11431,github_actions,G14,merged into canonical evidence CSV
copper_ci_28321186683_20260628_051002_00,research/results/imported_ci/copper_ci_28321186683_20260628_051002_00/research/results/artifact_inventory.csv,144073,artifact,G1,imported from downloaded GitHub Actions artifact
copper_ci_28321186683_20260628_051002_00,research/results/imported_ci/copper_ci_28321186683_20260628_051002_00/research/results/artifact_manifest.csv,187944,artifact,G18,merged into canonical evidence CSV
copper_ci_28321186683_20260628_051002_00,research/results/imported_ci/copper_ci_28321186683_20260628_051002_00/research/results/asic_power.csv,1555,github_actions,G16,merged into canonical evidence CSV
copper_ci_28321186683_20260628_051002_00,research/results/imported_ci/copper_ci_28321186683_20260628_051002_00/research/results/asic_power_overhead.csv,1593,github_actions,G16,merged into canonical evidence CSV
copper_ci_28321186683_20260628_051002_00,research/results/imported_ci/copper_ci_28321186683_20260628_051002_00/research/results/baseline_inventory.csv,460,github_actions,G8,merged into canonical evidence CSV
copper_ci_28321186683_20260628_051002_00,research/results/imported_ci/copper_ci_28321186683_20260628_051002_00/research/results/benchmark_inventory.csv,1765,github_actions,G6/G7,merged into canonical evidence CSV
copper_ci_28321186683_20260628_051002_00,research/results/imported_ci/copper_ci_28321186683_20260628_051002_00/research/results/claim_audit.csv,75,paper-audit,G20,merged into canonical evidence CSV
copper_ci_28321186683_20260628_051002_00,research/results/imported_ci/copper_ci_28321186683_20260628_051002_00/research/results/compression_library_seed_stability_20260620.csv,690,github_actions,G1,imported from downloaded GitHub Actions artifact
copper_ci_28321186683_20260628_051002_00,research/results/imported_ci/copper_ci_28321186683_20260628_051002_00/research/results/copper_dram_energy_scorecard_20260618.csv,24667,github_actions,G1,imported from downloaded GitHub Actions artifact
copper_ci_28321186683_20260628_051002_00,research/results/imported_ci/copper_ci_28321186683_20260628_051002_00/research/results/copper_energy_pollution_weight_sensitivity_20260617.csv,948,github_actions,G1,imported from downloaded GitHub Actions artifact
copper_ci_28321186683_20260628_051002_00,research/results/imported_ci/copper_ci_28321186683_20260628_051002_00/research/results/copper_final_results.csv,110536,github_actions,G1,imported from downloaded GitHub Actions artifact
copper_ci_28321186683_20260628_051002_00,research/results/imported_ci/copper_ci_28321186683_20260628_051002_00/research/results/copper_mcpat_sensitivity_20260618.csv,120684,github_actions,G1,imported from downloaded GitHub Actions artifact
copper_ci_28321186683_20260628_051002_00,research/results/imported_ci/copper_ci_28321186683_20260628_051002_00/research/results/copper_prefetch_traffic_overhead_20260616.csv,41167,github_actions,G1,imported from downloaded GitHub Actions artifact
copper_ci_28321186683_20260628_051002_00,research/results/imported_ci/copper_ci_28321186683_20260628_051002_00/research/results/copper_public_artifact_manifest_20260620.csv,99051,artifact,G1,imported from downloaded GitHub Actions artifact
copper_ci_28321186683_20260628_051002_00,research/results/imported_ci/copper_ci_28321186683_20260628_051002_00/research/results/core_integrated_memory_traffic.csv,164103,github_actions,G12/G17,merged into canonical evidence CSV
copper_ci_28321186683_20260628_051002_00,research/results/imported_ci/copper_ci_28321186683_20260628_051002_00/research/results/core_integrated_performance.csv,238675,github_actions,G11/G17,merged into canonical evidence CSV
copper_ci_28321186683_20260628_051002_00,research/results/imported_ci/copper_ci_28321186683_20260628_051002_00/research/results/core_integrated_prefetch_metrics.csv,163606,github_actions,G10/G17,merged into canonical evidence CSV
copper_ci_28321186683_20260628_051002_00,research/results/imported_ci/copper_ci_28321186683_20260628_051002_00/research/results/cycle_memory_traffic.csv,101898,github_actions,G12,merged into canonical evidence CSV
copper_ci_28321186683_20260628_051002_00,research/results/imported_ci/copper_ci_28321186683_20260628_051002_00/research/results/cycle_performance.csv,182805,github_actions,G11,merged into canonical evidence CSV
copper_ci_28321186683_20260628_051002_00,research/results/imported_ci/copper_ci_28321186683_20260628_051002_00/research/results/cycle_prefetch_metrics.csv,97391,github_actions,G10,merged into canonical evidence CSV
copper_ci_28321186683_20260628_051002_00,research/results/imported_ci/copper_ci_28321186683_20260628_051002_00/research/results/energy_proxy.csv,341992,github_actions,G16,merged into canonical evidence CSV
copper_ci_28321186683_20260628_051002_00,research/results/imported_ci/copper_ci_28321186683_20260628_051002_00/research/results/energy_summary.csv,412,github_actions,G16,merged into canonical evidence CSV
copper_ci_28321186683_20260628_051002_00,research/results/imported_ci/copper_ci_28321186683_20260628_051002_00/research/results/fullcore_synthesis.csv,2118,synth,G15,merged into canonical evidence CSV
copper_ci_28321186683_20260628_051002_00,research/results/imported_ci/copper_ci_28321186683_20260628_051002_00/research/results/fullcore_synthesis_overhead.csv,1200,synth,G15,merged into canonical evidence CSV
copper_ci_28321186683_20260628_051002_00,research/results/imported_ci/copper_ci_28321186683_20260628_051002_00/research/results/gem5_arm_ubuntu_fs_cachesvc_app/cachesvc_app_medium_key_summary.csv,1685,github_actions,G1,imported from downloaded GitHub Actions artifact
copper_ci_28321186683_20260628_051002_00,research/results/imported_ci/copper_ci_28321186683_20260628_051002_00/research/results/gem5_arm_ubuntu_fs_cachesvc_app/cachesvc_app_small_summary.csv,1667,github_actions,G1,imported from downloaded GitHub Actions artifact
copper_ci_28321186683_20260628_051002_00,research/results/imported_ci/copper_ci_28321186683_20260628_051002_00/research/results/gem5_arm_ubuntu_fs_duktape_app/duktape_app_medium_summary.csv,1564,github_actions,G1,imported from downloaded GitHub Actions artifact
copper_ci_28321186683_20260628_051002_00,research/results/imported_ci/copper_ci_28321186683_20260628_051002_00/research/results/gem5_arm_ubuntu_fs_duktape_app/duktape_app_stress_summary.csv,1581,github_actions,G1,imported from downloaded GitHub Actions artifact
copper_ci_28321186683_20260628_051002_00,research/results/imported_ci/copper_ci_28321186683_20260628_051002_00/research/results/gem5_arm_ubuntu_fs_jsonsqlite_app/jsonsqlite_app_medium_summary.csv,1851,github_actions,G1,imported from downloaded GitHub Actions artifact
copper_ci_28321186683_20260628_051002_00,research/results/imported_ci/copper_ci_28321186683_20260628_051002_00/research/results/gem5_arm_ubuntu_fs_jsonsqlite_app/jsonsqlite_app_stress_summary.csv,1899,github_actions,G1,imported from downloaded GitHub Actions artifact
copper_ci_28321186683_20260628_051002_00,research/results/imported_ci/copper_ci_28321186683_20260628_051002_00/research/results/gem5_arm_ubuntu_fs_lua_app/lua_app_medium_summary.csv,1928,github_actions,G1,imported from downloaded GitHub Actions artifact
copper_ci_28321186683_20260628_051002_00,research/results/imported_ci/copper_ci_28321186683_20260628_051002_00/research/results/gem5_arm_ubuntu_fs_lua_app/lua_app_stress_summary.csv,1962,github_actions,G1,imported from downloaded GitHub Actions artifact
copper_ci_28321186683_20260628_051002_00,research/results/imported_ci/copper_ci_28321186683_20260628_051002_00/research/results/gem5_arm_ubuntu_fs_mibench_patricia_app/mibench_patricia_patricia_large12288_seed1_summary.csv,1126,github_actions,G1,imported from downloaded GitHub Actions artifact
copper_ci_28321186683_20260628_051002_00,research/results/imported_ci/copper_ci_28321186683_20260628_051002_00/research/results/gem5_arm_ubuntu_fs_mibench_patricia_app/mibench_patricia_patricia_large12288_summary.csv,1126,github_actions,G1,imported from downloaded GitHub Actions artifact
copper_ci_28321186683_20260628_051002_00,research/results/imported_ci/copper_ci_28321186683_20260628_051002_00/research/results/gem5_arm_ubuntu_fs_mibench_patricia_app/mibench_patricia_patricia_preprobe_summary.csv,1043,github_actions,G1,imported from downloaded GitHub Actions artifact
copper_ci_28321186683_20260628_051002_00,research/results/imported_ci/copper_ci_28321186683_20260628_051002_00/research/results/gem5_arm_ubuntu_fs_mibench_patricia_app/mibench_patricia_patricia_small2048_summary.csv,1081,github_actions,G1,imported from downloaded GitHub Actions artifact
copper_ci_28321186683_20260628_051002_00,research/results/imported_ci/copper_ci_28321186683_20260628_051002_00/research/results/gem5_arm_ubuntu_fs_mibench_patricia_app/mibench_patricia_patricia_small8192_summary.csv,1106,github_actions,G1,imported from downloaded GitHub Actions artifact
copper_ci_28321186683_20260628_051002_00,research/results/imported_ci/copper_ci_28321186683_20260628_051002_00/research/results/gem5_arm_ubuntu_fs_ossltlstcp_app/ossltlstcp_tcp_netns_process_scale2_summary.csv,1368,github_actions,G1,imported from downloaded GitHub Actions artifact
copper_ci_28321186683_20260628_051002_00,research/results/imported_ci/copper_ci_28321186683_20260628_051002_00/research/results/gem5_arm_ubuntu_fs_ossltlstcp_app/ossltlstcp_tcp_netns_process_scale3_summary.csv,1377,github_actions,G1,imported from downloaded GitHub Actions artifact
copper_ci_28321186683_20260628_051002_00,research/results/imported_ci/copper_ci_28321186683_20260628_051002_00/research/results/gem5_arm_ubuntu_fs_pcre2_app/pcre2_pcre2_seed1_summary.csv,1001,github_actions,G1,imported from downloaded GitHub Actions artifact
copper_ci_28321186683_20260628_051002_00,research/results/imported_ci/copper_ci_28321186683_20260628_051002_00/research/results/gem5_arm_ubuntu_fs_pcre2_app/pcre2_pcre2_smoke_summary.csv,1001,github_actions,G1,imported from downloaded GitHub Actions artifact
copper_ci_28321186683_20260628_051002_00,research/results/imported_ci/copper_ci_28321186683_20260628_051002_00/research/results/gem5_arm_ubuntu_fs_sqlite_app/sqlite_app_medium_summary.csv,2002,github_actions,G1,imported from downloaded GitHub Actions artifact
copper_ci_28321186683_20260628_051002_00,research/results/imported_ci/copper_ci_28321186683_20260628_051002_00/research/results/gem5_arm_ubuntu_fs_sqlite_app/sqlite_app_stress_summary.csv,2047,github_actions,G1,imported from downloaded GitHub Actions artifact
copper_ci_28321186683_20260628_051002_00,research/results/imported_ci/copper_ci_28321186683_20260628_051002_00/research/results/gem5_arm_ubuntu_fs_yyjson_app/yyjson_app_medium_summary.csv,1846,github_actions,G1,imported from downloaded GitHub Actions artifact
copper_ci_28321186683_20260628_051002_00,research/results/imported_ci/copper_ci_28321186683_20260628_051002_00/research/results/gem5_arm_ubuntu_fs_yyjson_app/yyjson_app_stress_summary.csv,1876,github_actions,G1,imported from downloaded GitHub Actions artifact
copper_ci_28321186683_20260628_051002_00,research/results/imported_ci/copper_ci_28321186683_20260628_051002_00/research/results/gem5_arm_ubuntu_fs_zlib_app/zlib_zlib_seed1_summary.csv,1049,github_actions,G1,imported from downloaded GitHub Actions artifact
copper_ci_28321186683_20260628_051002_00,research/results/imported_ci/copper_ci_28321186683_20260628_051002_00/research/results/gem5_arm_ubuntu_fs_zlib_app/zlib_zlib_tiny_summary.csv,1048,github_actions,G1,imported from downloaded GitHub Actions artifact
copper_ci_28321186683_20260628_051002_00,research/results/imported_ci/copper_ci_28321186683_20260628_051002_00/research/results/gem5_arm_ubuntu_fs_zstd_app/zstd_zstd_seed1_summary.csv,986,github_actions,G1,imported from downloaded GitHub Actions artifact
copper_ci_28321186683_20260628_051002_00,research/results/imported_ci/copper_ci_28321186683_20260628_051002_00/research/results/gem5_arm_ubuntu_fs_zstd_app/zstd_zstd_tiny_summary.csv,986,github_actions,G1,imported from downloaded GitHub Actions artifact
copper_ci_28321186683_20260628_051002_00,research/results/imported_ci/copper_ci_28321186683_20260628_051002_00/research/results/gem5_memory_traffic.csv,81675,github_actions,G12/G17,merged into canonical evidence CSV
copper_ci_28321186683_20260628_051002_00,research/results/imported_ci/copper_ci_28321186683_20260628_051002_00/research/results/gem5_performance.csv,85463,github_actions,G11/G17,merged into canonical evidence CSV
copper_ci_28321186683_20260628_051002_00,research/results/imported_ci/copper_ci_28321186683_20260628_051002_00/research/results/gem5_prefetch_metrics.csv,83230,github_actions,G10/G17,merged into canonical evidence CSV
copper_ci_28321186683_20260628_051002_00,research/results/imported_ci/copper_ci_28321186683_20260628_051002_00/research/results/gem5_statistical_summary.csv,274116,github_actions,G17,merged into canonical evidence CSV
copper_ci_28321186683_20260628_051002_00,research/results/imported_ci/copper_ci_28321186683_20260628_051002_00/research/results/gem5_validation.csv,11619,github_actions,G17,merged into canonical evidence CSV
copper_ci_28321186683_20260628_051002_00,research/results/imported_ci/copper_ci_28321186683_20260628_051002_00/research/results/independent_sim_memory_traffic.csv,39249,github_actions,G12/G17,merged into canonical evidence CSV
copper_ci_28321186683_20260628_051002_00,research/results/imported_ci/copper_ci_28321186683_20260628_051002_00/research/results/independent_sim_performance.csv,54454,github_actions,G11/G17,merged into canonical evidence CSV
copper_ci_28321186683_20260628_051002_00,research/results/imported_ci/copper_ci_28321186683_20260628_051002_00/research/results/independent_sim_prefetch_metrics.csv,43284,github_actions,G10/G17,merged into canonical evidence CSV
copper_ci_28321186683_20260628_051002_00,research/results/imported_ci/copper_ci_28321186683_20260628_051002_00/research/results/logs/asic_power/asic_power_availability.log,127,github_actions,G1,imported from downloaded GitHub Actions artifact
copper_ci_28321186683_20260628_051002_00,research/results/imported_ci/copper_ci_28321186683_20260628_051002_00/research/results/logs/asic_power/baseline_core_wrapper.log,257307,github_actions,G1,imported from downloaded GitHub Actions artifact
copper_ci_28321186683_20260628_051002_00,research/results/imported_ci/copper_ci_28321186683_20260628_051002_00/research/results/logs/asic_power/core_wrapper_plus_copper.log,315645,github_actions,G1,imported from downloaded GitHub Actions artifact
copper_ci_28321186683_20260628_051002_00,research/results/imported_ci/copper_ci_28321186683_20260628_051002_00/research/results/logs/asic_power/full_core_baseline.log,98,github_actions,G1,imported from downloaded GitHub Actions artifact
copper_ci_28321186683_20260628_051002_00,research/results/imported_ci/copper_ci_28321186683_20260628_051002_00/research/results/logs/asic_power/full_core_plus_copper.log,98,github_actions,G1,imported from downloaded GitHub Actions artifact
copper_ci_28321186683_20260628_051002_00,research/results/imported_ci/copper_ci_28321186683_20260628_051002_00/research/results/logs/core_integrated/core_integrated_eval.jsonl,399056,eval,G1,imported from downloaded GitHub Actions artifact
copper_ci_28321186683_20260628_051002_00,research/results/imported_ci/copper_ci_28321186683_20260628_051002_00/research/results/logs/energy/energy_proxy.log,307,github_actions,G1,imported from downloaded GitHub Actions artifact
copper_ci_28321186683_20260628_051002_00,research/results/imported_ci/copper_ci_28321186683_20260628_051002_00/research/results/logs/fullcore_synthesis/baseline_core_wrapper.log,277572,synth,G1,imported from downloaded GitHub Actions artifact
copper_ci_28321186683_20260628_051002_00,research/results/imported_ci/copper_ci_28321186683_20260628_051002_00/research/results/logs/fullcore_synthesis/core_wrapper_plus_baseline_prefetch.log,297834,synth,G1,imported from downloaded GitHub Actions artifact
copper_ci_28321186683_20260628_051002_00,research/results/imported_ci/copper_ci_28321186683_20260628_051002_00/research/results/logs/fullcore_synthesis/core_wrapper_plus_copper.log,320282,synth,G1,imported from downloaded GitHub Actions artifact
copper_ci_28321186683_20260628_051002_00,research/results/imported_ci/copper_ci_28321186683_20260628_051002_00/research/results/logs/fullcore_synthesis/full_core_baseline.log,127,synth,G1,imported from downloaded GitHub Actions artifact
copper_ci_28321186683_20260628_051002_00,research/results/imported_ci/copper_ci_28321186683_20260628_051002_00/research/results/logs/fullcore_synthesis/full_core_plus_copper.log,127,synth,G1,imported from downloaded GitHub Actions artifact
copper_ci_28321186683_20260628_051002_00,research/results/imported_ci/copper_ci_28321186683_20260628_051002_00/research/results/logs/fullcore_synthesis/nearcore_stub_baseline.log,48874,synth,G1,imported from downloaded GitHub Actions artifact
copper_ci_28321186683_20260628_051002_00,research/results/imported_ci/copper_ci_28321186683_20260628_051002_00/research/results/logs/fullcore_synthesis/nearcore_stub_plus_copper.log,84629,synth,G1,imported from downloaded GitHub Actions artifact
copper_ci_28321186683_20260628_051002_00,research/results/imported_ci/copper_ci_28321186683_20260628_051002_00/research/results/logs/fullcore_synthesis/yosys_generic_baseline_core_stub_with_prefetch_interface.log,24,synth,G1,imported from downloaded GitHub Actions artifact
copper_ci_28321186683_20260628_051002_00,research/results/imported_ci/copper_ci_28321186683_20260628_051002_00/research/results/logs/fullcore_synthesis/yosys_generic_baseline_prefetch_unit.log,24,synth,G1,imported from downloaded GitHub Actions artifact
copper_ci_28321186683_20260628_051002_00,research/results/imported_ci/copper_ci_28321186683_20260628_051002_00/research/results/logs/fullcore_synthesis/yosys_generic_copper_unit.log,24,synth,G1,imported from downloaded GitHub Actions artifact
copper_ci_28321186683_20260628_051002_00,research/results/imported_ci/copper_ci_28321186683_20260628_051002_00/research/results/logs/fullcore_synthesis/yosys_generic_copper_with_queue.log,24,synth,G1,imported from downloaded GitHub Actions artifact
copper_ci_28321186683_20260628_051002_00,research/results/imported_ci/copper_ci_28321186683_20260628_051002_00/research/results/logs/fullcore_synthesis/yosys_generic_copper_with_tables.log,24,synth,G1,imported from downloaded GitHub Actions artifact
copper_ci_28321186683_20260628_051002_00,research/results/imported_ci/copper_ci_28321186683_20260628_051002_00/research/results/logs/fullcore_synthesis/yosys_generic_core_stub_plus_copper.log,24,synth,G1,imported from downloaded GitHub Actions artifact
copper_ci_28321186683_20260628_051002_00,research/results/imported_ci/copper_ci_28321186683_20260628_051002_00/research/results/logs/gem5/gem5_availability.log,119,github_actions,G1,imported from downloaded GitHub Actions artifact
copper_ci_28321186683_20260628_051002_00,research/results/imported_ci/copper_ci_28321186683_20260628_051002_00/research/results/logs/gem5/gem5_import.log,4182,github_actions,G1,imported from downloaded GitHub Actions artifact
copper_ci_28321186683_20260628_051002_00,research/results/imported_ci/copper_ci_28321186683_20260628_051002_00/research/results/logs/independent_sim/independent_sim_eval.jsonl,2249,eval,G1,imported from downloaded GitHub Actions artifact
copper_ci_28321186683_20260628_051002_00,research/results/imported_ci/copper_ci_28321186683_20260628_051002_00/research/results/logs/mapped_ppa/ecp5_baseline_core_wrapper.log,313883,github_actions,G1,imported from downloaded GitHub Actions artifact
copper_ci_28321186683_20260628_051002_00,research/results/imported_ci/copper_ci_28321186683_20260628_051002_00/research/results/logs/mapped_ppa/ecp5_core_wrapper_plus_baseline_prefetch.log,342840,github_actions,G1,imported from downloaded GitHub Actions artifact
copper_ci_28321186683_20260628_051002_00,research/results/imported_ci/copper_ci_28321186683_20260628_051002_00/research/results/logs/mapped_ppa/ecp5_core_wrapper_plus_copper.log,485020,github_actions,G1,imported from downloaded GitHub Actions artifact
copper_ci_28321186683_20260628_051002_00,research/results/imported_ci/copper_ci_28321186683_20260628_051002_00/research/results/logs/mapped_ppa/ecp5_nearcore_stub_baseline.log,116996,github_actions,G1,imported from downloaded GitHub Actions artifact
copper_ci_28321186683_20260628_051002_00,research/results/imported_ci/copper_ci_28321186683_20260628_051002_00/research/results/logs/mapped_ppa/ecp5_nearcore_stub_plus_copper.log,161890,github_actions,G1,imported from downloaded GitHub Actions artifact
copper_ci_28321186683_20260628_051002_00,research/results/imported_ci/copper_ci_28321186683_20260628_051002_00/research/results/logs/mapped_ppa/fullcore_wrapper_availability.log,168,github_actions,G1,imported from downloaded GitHub Actions artifact
copper_ci_28321186683_20260628_051002_00,research/results/imported_ci/copper_ci_28321186683_20260628_051002_00/research/results/logs/mapped_ppa/ice40_nearcore_stub_baseline.log,370,github_actions,G1,imported from downloaded GitHub Actions artifact
copper_ci_28321186683_20260628_051002_00,research/results/imported_ci/copper_ci_28321186683_20260628_051002_00/research/results/logs/mapped_ppa/ice40_nearcore_stub_plus_copper.log,448,github_actions,G1,imported from downloaded GitHub Actions artifact
copper_ci_28321186683_20260628_051002_00,research/results/imported_ci/copper_ci_28321186683_20260628_051002_00/research/results/logs/mapped_ppa/unit_fallback.log,92,github_actions,G1,imported from downloaded GitHub Actions artifact
copper_ci_28321186683_20260628_051002_00,research/results/imported_ci/copper_ci_28321186683_20260628_051002_00/research/results/logs/openroad/openroad_availability.log,128,github_actions,G1,imported from downloaded GitHub Actions artifact
copper_ci_28321186683_20260628_051002_00,research/results/imported_ci/copper_ci_28321186683_20260628_051002_00/research/results/logs/openroad_postroute/baseline_core_wrapper/base/1_1_yosys.log,19676,synth,G1,imported from downloaded GitHub Actions artifact
copper_ci_28321186683_20260628_051002_00,research/results/imported_ci/copper_ci_28321186683_20260628_051002_00/research/results/logs/openroad_postroute/baseline_core_wrapper/base/1_1_yosys_canonicalize.log,2517,synth,G1,imported from downloaded GitHub Actions artifact
copper_ci_28321186683_20260628_051002_00,research/results/imported_ci/copper_ci_28321186683_20260628_051002_00/research/results/logs/openroad_postroute/baseline_core_wrapper/base/1_1_yosys_stats.log,304,synth,G1,imported from downloaded GitHub Actions artifact
copper_ci_28321186683_20260628_051002_00,research/results/imported_ci/copper_ci_28321186683_20260628_051002_00/research/results/logs/openroad_postroute/baseline_core_wrapper/base/2_1_floorplan.json,1722,github_actions,G1,imported from downloaded GitHub Actions artifact
copper_ci_28321186683_20260628_051002_00,research/results/imported_ci/copper_ci_28321186683_20260628_051002_00/research/results/logs/openroad_postroute/baseline_core_wrapper/base/2_1_floorplan.log,1697,github_actions,G1,imported from downloaded GitHub Actions artifact
copper_ci_28321186683_20260628_051002_00,research/results/imported_ci/copper_ci_28321186683_20260628_051002_00/research/results/logs/openroad_postroute/baseline_core_wrapper/base/2_2_floorplan_io.json,58,github_actions,G1,imported from downloaded GitHub Actions artifact
copper_ci_28321186683_20260628_051002_00,research/results/imported_ci/copper_ci_28321186683_20260628_051002_00/research/results/logs/openroad_postroute/baseline_core_wrapper/base/2_2_floorplan_io.log,580,github_actions,G1,imported from downloaded GitHub Actions artifact
copper_ci_28321186683_20260628_051002_00,research/results/imported_ci/copper_ci_28321186683_20260628_051002_00/research/results/logs/openroad_postroute/baseline_core_wrapper/base/2_3_floorplan_macro.json,58,github_actions,G1,imported from downloaded GitHub Actions artifact
copper_ci_28321186683_20260628_051002_00,research/results/imported_ci/copper_ci_28321186683_20260628_051002_00/research/results/logs/openroad_postroute/baseline_core_wrapper/base/2_3_floorplan_macro.log,452,github_actions,G1,imported from downloaded GitHub Actions artifact
copper_ci_28321186683_20260628_051002_00,research/results/imported_ci/copper_ci_28321186683_20260628_051002_00/research/results/logs/openroad_postroute/baseline_core_wrapper/base/2_4_floorplan_tapcell.json,58,github_actions,G1,imported from downloaded GitHub Actions artifact
copper_ci_28321186683_20260628_051002_00,research/results/imported_ci/copper_ci_28321186683_20260628_051002_00/research/results/logs/openroad_postroute/baseline_core_wrapper/base/2_4_floorplan_tapcell.log,483,github_actions,G1,imported from downloaded GitHub Actions artifact
copper_ci_28321186683_20260628_051002_00,research/results/imported_ci/copper_ci_28321186683_20260628_051002_00/research/results/logs/openroad_postroute/baseline_core_wrapper/base/2_5_floorplan_pdn.json,58,github_actions,G1,imported from downloaded GitHub Actions artifact
copper_ci_28321186683_20260628_051002_00,research/results/imported_ci/copper_ci_28321186683_20260628_051002_00/research/results/logs/openroad_postroute/baseline_core_wrapper/base/2_5_floorplan_pdn.log,447,github_actions,G1,imported from downloaded GitHub Actions artifact
copper_ci_28321186683_20260628_051002_00,research/results/imported_ci/copper_ci_28321186683_20260628_051002_00/research/results/logs/openroad_postroute/baseline_core_wrapper/base/2_floorplan_final.rpt,15999,github_actions,G1,imported from downloaded GitHub Actions artifact
copper_ci_28321186683_20260628_051002_00,research/results/imported_ci/copper_ci_28321186683_20260628_051002_00/research/results/logs/openroad_postroute/baseline_core_wrapper/base/3_1_place_gp_skip_io.json,58,github_actions,G1,imported from downloaded GitHub Actions artifact
copper_ci_28321186683_20260628_051002_00,research/results/imported_ci/copper_ci_28321186683_20260628_051002_00/research/results/logs/openroad_postroute/baseline_core_wrapper/base/3_1_place_gp_skip_io.log,5516,github_actions,G1,imported from downloaded GitHub Actions artifact
copper_ci_28321186683_20260628_051002_00,research/results/imported_ci/copper_ci_28321186683_20260628_051002_00/research/results/logs/openroad_postroute/baseline_core_wrapper/base/3_2_place_iop.json,117,github_actions,G1,imported from downloaded GitHub Actions artifact
copper_ci_28321186683_20260628_051002_00,research/results/imported_ci/copper_ci_28321186683_20260628_051002_00/research/results/logs/openroad_postroute/baseline_core_wrapper/base/3_2_place_iop.log,857,github_actions,G1,imported from downloaded GitHub Actions artifact
copper_ci_28321186683_20260628_051002_00,research/results/imported_ci/copper_ci_28321186683_20260628_051002_00/research/results/logs/openroad_postroute/baseline_core_wrapper/base/3_3_place_gp.json,1340,github_actions,G1,imported from downloaded GitHub Actions artifact
copper_ci_28321186683_20260628_051002_00,research/results/imported_ci/copper_ci_28321186683_20260628_051002_00/research/results/logs/openroad_postroute/baseline_core_wrapper/base/3_3_place_gp.log,8380,github_actions,G1,imported from downloaded GitHub Actions artifact
copper_ci_28321186683_20260628_051002_00,research/results/imported_ci/copper_ci_28321186683_20260628_051002_00/research/results/logs/openroad_postroute/baseline_core_wrapper/base/3_4_place_resized.json,1719,github_actions,G1,imported from downloaded GitHub Actions artifact
copper_ci_28321186683_20260628_051002_00,research/results/imported_ci/copper_ci_28321186683_20260628_051002_00/research/results/logs/openroad_postroute/baseline_core_wrapper/base/3_4_place_resized.log,1049,github_actions,G1,imported from downloaded GitHub Actions artifact
copper_ci_28321186683_20260628_051002_00,research/results/imported_ci/copper_ci_28321186683_20260628_051002_00/research/results/logs/openroad_postroute/baseline_core_wrapper/base/3_5_place_dp.json,2095,github_actions,G1,imported from downloaded GitHub Actions artifact
copper_ci_28321186683_20260628_051002_00,research/results/imported_ci/copper_ci_28321186683_20260628_051002_00/research/results/logs/openroad_postroute/baseline_core_wrapper/base/3_5_place_dp.log,5075,github_actions,G1,imported from downloaded GitHub Actions artifact
copper_ci_28321186683_20260628_051002_00,research/results/imported_ci/copper_ci_28321186683_20260628_051002_00/research/results/logs/openroad_postroute/baseline_core_wrapper/base/3_detailed_place.rpt,24195,github_actions,G1,imported from downloaded GitHub Actions artifact
copper_ci_28321186683_20260628_051002_00,research/results/imported_ci/copper_ci_28321186683_20260628_051002_00/research/results/logs/openroad_postroute/baseline_core_wrapper/base/3_global_place.rpt,16014,github_actions,G1,imported from downloaded GitHub Actions artifact
copper_ci_28321186683_20260628_051002_00,research/results/imported_ci/copper_ci_28321186683_20260628_051002_00/research/results/logs/openroad_postroute/baseline_core_wrapper/base/3_resizer.rpt,17777,github_actions,G1,imported from downloaded GitHub Actions artifact
copper_ci_28321186683_20260628_051002_00,research/results/imported_ci/copper_ci_28321186683_20260628_051002_00/research/results/logs/openroad_postroute/baseline_core_wrapper/base/4_1_cts.json,2064,github_actions,G1,imported from downloaded GitHub Actions artifact
copper_ci_28321186683_20260628_051002_00,research/results/imported_ci/copper_ci_28321186683_20260628_051002_00/research/results/logs/openroad_postroute/baseline_core_wrapper/base/4_1_cts.log,3715,github_actions,G1,imported from downloaded GitHub Actions artifact
copper_ci_28321186683_20260628_051002_00,research/results/imported_ci/copper_ci_28321186683_20260628_051002_00/research/results/logs/openroad_postroute/baseline_core_wrapper/base/4_cts_final.rpt,27468,github_actions,G1,imported from downloaded GitHub Actions artifact
copper_ci_28321186683_20260628_051002_00,research/results/imported_ci/copper_ci_28321186683_20260628_051002_00/research/results/logs/openroad_postroute/baseline_core_wrapper/base/5_1_grt.json,2563,github_actions,G1,imported from downloaded GitHub Actions artifact
copper_ci_28321186683_20260628_051002_00,research/results/imported_ci/copper_ci_28321186683_20260628_051002_00/research/results/logs/openroad_postroute/baseline_core_wrapper/base/5_1_grt.log,5672,github_actions,G1,imported from downloaded GitHub Actions artifact
copper_ci_28321186683_20260628_051002_00,research/results/imported_ci/copper_ci_28321186683_20260628_051002_00/research/results/logs/openroad_postroute/baseline_core_wrapper/base/5_2_route.json,1005,github_actions,G1,imported from downloaded GitHub Actions artifact
copper_ci_28321186683_20260628_051002_00,research/results/imported_ci/copper_ci_28321186683_20260628_051002_00/research/results/logs/openroad_postroute/baseline_core_wrapper/base/5_2_route.log,16683,github_actions,G1,imported from downloaded GitHub Actions artifact
copper_ci_28321186683_20260628_051002_00,research/results/imported_ci/copper_ci_28321186683_20260628_051002_00/research/results/logs/openroad_postroute/baseline_core_wrapper/base/5_3_fillcell.json,84,github_actions,G1,imported from downloaded GitHub Actions artifact
copper_ci_28321186683_20260628_051002_00,research/results/imported_ci/copper_ci_28321186683_20260628_051002_00/research/results/logs/openroad_postroute/baseline_core_wrapper/base/5_3_fillcell.log,620,github_actions,G1,imported from downloaded GitHub Actions artifact
copper_ci_28321186683_20260628_051002_00,research/results/imported_ci/copper_ci_28321186683_20260628_051002_00/research/results/logs/openroad_postroute/baseline_core_wrapper/base/5_global_route.rpt,27563,github_actions,G1,imported from downloaded GitHub Actions artifact
copper_ci_28321186683_20260628_051002_00,research/results/imported_ci/copper_ci_28321186683_20260628_051002_00/research/results/logs/openroad_postroute/baseline_core_wrapper/base/5_route_drc.rpt,0,github_actions,G1,imported from downloaded GitHub Actions artifact
copper_ci_28321186683_20260628_051002_00,research/results/imported_ci/copper_ci_28321186683_20260628_051002_00/research/results/logs/openroad_postroute/baseline_core_wrapper/base/6_1_fill.json,58,github_actions,G1,imported from downloaded GitHub Actions artifact
copper_ci_28321186683_20260628_051002_00,research/results/imported_ci/copper_ci_28321186683_20260628_051002_00/research/results/logs/openroad_postroute/baseline_core_wrapper/base/6_1_fill.log,639,github_actions,G1,imported from downloaded GitHub Actions artifact
copper_ci_28321186683_20260628_051002_00,research/results/imported_ci/copper_ci_28321186683_20260628_051002_00/research/results/logs/openroad_postroute/baseline_core_wrapper/base/6_finish.rpt,27372,github_actions,G1,imported from downloaded GitHub Actions artifact
copper_ci_28321186683_20260628_051002_00,research/results/imported_ci/copper_ci_28321186683_20260628_051002_00/research/results/logs/openroad_postroute/baseline_core_wrapper/base/6_report.json,3113,github_actions,G1,imported from downloaded GitHub Actions artifact
copper_ci_28321186683_20260628_051002_00,research/results/imported_ci/copper_ci_28321186683_20260628_051002_00/research/results/logs/openroad_postroute/baseline_core_wrapper/base/6_report.log,4801,github_actions,G1,imported from downloaded GitHub Actions artifact
copper_ci_28321186683_20260628_051002_00,research/results/imported_ci/copper_ci_28321186683_20260628_051002_00/research/results/logs/openroad_postroute/baseline_core_wrapper/base/drt_antennas.log,0,github_actions,G1,imported from downloaded GitHub Actions artifact
copper_ci_28321186683_20260628_051002_00,research/results/imported_ci/copper_ci_28321186683_20260628_051002_00/research/results/logs/openroad_postroute/baseline_core_wrapper/base/grt_antennas.log,0,github_actions,G1,imported from downloaded GitHub Actions artifact
copper_ci_28321186683_20260628_051002_00,research/results/imported_ci/copper_ci_28321186683_20260628_051002_00/research/results/logs/openroad_postroute/baseline_core_wrapper/config.mk,898,github_actions,G1,imported from downloaded GitHub Actions artifact
copper_ci_28321186683_20260628_051002_00,research/results/imported_ci/copper_ci_28321186683_20260628_051002_00/research/results/logs/openroad_postroute/baseline_core_wrapper/constraint.sdc,619,github_actions,G1,imported from downloaded GitHub Actions artifact
copper_ci_28321186683_20260628_051002_00,research/results/imported_ci/copper_ci_28321186683_20260628_051002_00/research/results/logs/openroad_postroute/baseline_core_wrapper/orfs_make.log,83170,github_actions,G1,imported from downloaded GitHub Actions artifact
copper_ci_28321186683_20260628_051002_00,research/results/imported_ci/copper_ci_28321186683_20260628_051002_00/research/results/logs/openroad_postroute/baseline_core_wrapper/results/6_final.def,402896,github_actions,G1,imported from downloaded GitHub Actions artifact
copper_ci_28321186683_20260628_051002_00,research/results/imported_ci/copper_ci_28321186683_20260628_051002_00/research/results/logs/openroad_postroute/baseline_core_wrapper/results/6_final.spef,378047,github_actions,G1,imported from downloaded GitHub Actions artifact
copper_ci_28321186683_20260628_051002_00,research/results/imported_ci/copper_ci_28321186683_20260628_051002_00/research/results/logs/openroad_postroute/baseline_core_wrapper/results/6_final.v,78612,github_actions,G1,imported from downloaded GitHub Actions artifact
copper_ci_28321186683_20260628_051002_00,research/results/imported_ci/copper_ci_28321186683_20260628_051002_00/research/results/logs/openroad_postroute/core_wrapper_plus_copper/base/1_1_yosys.log,20208,synth,G1,imported from downloaded GitHub Actions artifact
copper_ci_28321186683_20260628_051002_00,research/results/imported_ci/copper_ci_28321186683_20260628_051002_00/research/results/logs/openroad_postroute/core_wrapper_plus_copper/base/1_1_yosys_canonicalize.log,3240,synth,G1,imported from downloaded GitHub Actions artifact
copper_ci_28321186683_20260628_051002_00,research/results/imported_ci/copper_ci_28321186683_20260628_051002_00/research/results/logs/openroad_postroute/core_wrapper_plus_copper/base/1_1_yosys_stats.log,303,synth,G1,imported from downloaded GitHub Actions artifact
copper_ci_28321186683_20260628_051002_00,research/results/imported_ci/copper_ci_28321186683_20260628_051002_00/research/results/logs/openroad_postroute/core_wrapper_plus_copper/base/2_1_floorplan.json,1725,github_actions,G1,imported from downloaded GitHub Actions artifact
copper_ci_28321186683_20260628_051002_00,research/results/imported_ci/copper_ci_28321186683_20260628_051002_00/research/results/logs/openroad_postroute/core_wrapper_plus_copper/base/2_1_floorplan.log,1698,github_actions,G1,imported from downloaded GitHub Actions artifact
copper_ci_28321186683_20260628_051002_00,research/results/imported_ci/copper_ci_28321186683_20260628_051002_00/research/results/logs/openroad_postroute/core_wrapper_plus_copper/base/2_2_floorplan_io.json,58,github_actions,G1,imported from downloaded GitHub Actions artifact
copper_ci_28321186683_20260628_051002_00,research/results/imported_ci/copper_ci_28321186683_20260628_051002_00/research/results/logs/openroad_postroute/core_wrapper_plus_copper/base/2_2_floorplan_io.log,579,github_actions,G1,imported from downloaded GitHub Actions artifact
copper_ci_28321186683_20260628_051002_00,research/results/imported_ci/copper_ci_28321186683_20260628_051002_00/research/results/logs/openroad_postroute/core_wrapper_plus_copper/base/2_3_floorplan_macro.json,58,github_actions,G1,imported from downloaded GitHub Actions artifact
copper_ci_28321186683_20260628_051002_00,research/results/imported_ci/copper_ci_28321186683_20260628_051002_00/research/results/logs/openroad_postroute/core_wrapper_plus_copper/base/2_3_floorplan_macro.log,452,github_actions,G1,imported from downloaded GitHub Actions artifact
copper_ci_28321186683_20260628_051002_00,research/results/imported_ci/copper_ci_28321186683_20260628_051002_00/research/results/logs/openroad_postroute/core_wrapper_plus_copper/base/2_4_floorplan_tapcell.json,58,github_actions,G1,imported from downloaded GitHub Actions artifact
copper_ci_28321186683_20260628_051002_00,research/results/imported_ci/copper_ci_28321186683_20260628_051002_00/research/results/logs/openroad_postroute/core_wrapper_plus_copper/base/2_4_floorplan_tapcell.log,485,github_actions,G1,imported from downloaded GitHub Actions artifact
copper_ci_28321186683_20260628_051002_00,research/results/imported_ci/copper_ci_28321186683_20260628_051002_00/research/results/logs/openroad_postroute/core_wrapper_plus_copper/base/2_5_floorplan_pdn.json,58,github_actions,G1,imported from downloaded GitHub Actions artifact
copper_ci_28321186683_20260628_051002_00,research/results/imported_ci/copper_ci_28321186683_20260628_051002_00/research/results/logs/openroad_postroute/core_wrapper_plus_copper/base/2_5_floorplan_pdn.log,447,github_actions,G1,imported from downloaded GitHub Actions artifact
copper_ci_28321186683_20260628_051002_00,research/results/imported_ci/copper_ci_28321186683_20260628_051002_00/research/results/logs/openroad_postroute/core_wrapper_plus_copper/base/2_floorplan_final.rpt,29456,github_actions,G1,imported from downloaded GitHub Actions artifact
copper_ci_28321186683_20260628_051002_00,research/results/imported_ci/copper_ci_28321186683_20260628_051002_00/research/results/logs/openroad_postroute/core_wrapper_plus_copper/base/3_1_place_gp_skip_io.json,58,github_actions,G1,imported from downloaded GitHub Actions artifact
copper_ci_28321186683_20260628_051002_00,research/results/imported_ci/copper_ci_28321186683_20260628_051002_00/research/results/logs/openroad_postroute/core_wrapper_plus_copper/base/3_1_place_gp_skip_io.log,5974,github_actions,G1,imported from downloaded GitHub Actions artifact
copper_ci_28321186683_20260628_051002_00,research/results/imported_ci/copper_ci_28321186683_20260628_051002_00/research/results/logs/openroad_postroute/core_wrapper_plus_copper/base/3_2_place_iop.json,118,github_actions,G1,imported from downloaded GitHub Actions artifact
copper_ci_28321186683_20260628_051002_00,research/results/imported_ci/copper_ci_28321186683_20260628_051002_00/research/results/logs/openroad_postroute/core_wrapper_plus_copper/base/3_2_place_iop.log,859,github_actions,G1,imported from downloaded GitHub Actions artifact
copper_ci_28321186683_20260628_051002_00,research/results/imported_ci/copper_ci_28321186683_20260628_051002_00/research/results/logs/openroad_postroute/core_wrapper_plus_copper/base/3_3_place_gp.json,1344,github_actions,G1,imported from downloaded GitHub Actions artifact
copper_ci_28321186683_20260628_051002_00,research/results/imported_ci/copper_ci_28321186683_20260628_051002_00/research/results/logs/openroad_postroute/core_wrapper_plus_copper/base/3_3_place_gp.log,9020,github_actions,G1,imported from downloaded GitHub Actions artifact
copper_ci_28321186683_20260628_051002_00,research/results/imported_ci/copper_ci_28321186683_20260628_051002_00/research/results/logs/openroad_postroute/core_wrapper_plus_copper/base/3_4_place_resized.json,1723,github_actions,G1,imported from downloaded GitHub Actions artifact
copper_ci_28321186683_20260628_051002_00,research/results/imported_ci/copper_ci_28321186683_20260628_051002_00/research/results/logs/openroad_postroute/core_wrapper_plus_copper/base/3_4_place_resized.log,1096,github_actions,G1,imported from downloaded GitHub Actions artifact
copper_ci_28321186683_20260628_051002_00,research/results/imported_ci/copper_ci_28321186683_20260628_051002_00/research/results/logs/openroad_postroute/core_wrapper_plus_copper/base/3_5_place_dp.json,2096,github_actions,G1,imported from downloaded GitHub Actions artifact
copper_ci_28321186683_20260628_051002_00,research/results/imported_ci/copper_ci_28321186683_20260628_051002_00/research/results/logs/openroad_postroute/core_wrapper_plus_copper/base/3_5_place_dp.log,4564,github_actions,G1,imported from downloaded GitHub Actions artifact
copper_ci_28321186683_20260628_051002_00,research/results/imported_ci/copper_ci_28321186683_20260628_051002_00/research/results/logs/openroad_postroute/core_wrapper_plus_copper/base/3_detailed_place.rpt,39153,github_actions,G1,imported from downloaded GitHub Actions artifact
copper_ci_28321186683_20260628_051002_00,research/results/imported_ci/copper_ci_28321186683_20260628_051002_00/research/results/logs/openroad_postroute/core_wrapper_plus_copper/base/3_global_place.rpt,29428,github_actions,G1,imported from downloaded GitHub Actions artifact
copper_ci_28321186683_20260628_051002_00,research/results/imported_ci/copper_ci_28321186683_20260628_051002_00/research/results/logs/openroad_postroute/core_wrapper_plus_copper/base/3_resizer.rpt,27400,github_actions,G1,imported from downloaded GitHub Actions artifact
copper_ci_28321186683_20260628_051002_00,research/results/imported_ci/copper_ci_28321186683_20260628_051002_00/research/results/logs/openroad_postroute/core_wrapper_plus_copper/base/4_1_cts.json,2071,github_actions,G1,imported from downloaded GitHub Actions artifact
copper_ci_28321186683_20260628_051002_00,research/results/imported_ci/copper_ci_28321186683_20260628_051002_00/research/results/logs/openroad_postroute/core_wrapper_plus_copper/base/4_1_cts.log,3828,github_actions,G1,imported from downloaded GitHub Actions artifact
copper_ci_28321186683_20260628_051002_00,research/results/imported_ci/copper_ci_28321186683_20260628_051002_00/research/results/logs/openroad_postroute/core_wrapper_plus_copper/base/4_cts_final.rpt,45834,github_actions,G1,imported from downloaded GitHub Actions artifact
copper_ci_28321186683_20260628_051002_00,research/results/imported_ci/copper_ci_28321186683_20260628_051002_00/research/results/logs/openroad_postroute/core_wrapper_plus_copper/base/5_1_grt.json,2571,github_actions,G1,imported from downloaded GitHub Actions artifact
copper_ci_28321186683_20260628_051002_00,research/results/imported_ci/copper_ci_28321186683_20260628_051002_00/research/results/logs/openroad_postroute/core_wrapper_plus_copper/base/5_1_grt.log,5686,github_actions,G1,imported from downloaded GitHub Actions artifact
copper_ci_28321186683_20260628_051002_00,research/results/imported_ci/copper_ci_28321186683_20260628_051002_00/research/results/logs/openroad_postroute/core_wrapper_plus_copper/base/5_2_route.json,1017,github_actions,G1,imported from downloaded GitHub Actions artifact
copper_ci_28321186683_20260628_051002_00,research/results/imported_ci/copper_ci_28321186683_20260628_051002_00/research/results/logs/openroad_postroute/core_wrapper_plus_copper/base/5_2_route.log,17264,github_actions,G1,imported from downloaded GitHub Actions artifact
copper_ci_28321186683_20260628_051002_00,research/results/imported_ci/copper_ci_28321186683_20260628_051002_00/research/results/logs/openroad_postroute/core_wrapper_plus_copper/base/5_3_fillcell.json,84,github_actions,G1,imported from downloaded GitHub Actions artifact
copper_ci_28321186683_20260628_051002_00,research/results/imported_ci/copper_ci_28321186683_20260628_051002_00/research/results/logs/openroad_postroute/core_wrapper_plus_copper/base/5_3_fillcell.log,621,github_actions,G1,imported from downloaded GitHub Actions artifact
copper_ci_28321186683_20260628_051002_00,research/results/imported_ci/copper_ci_28321186683_20260628_051002_00/research/results/logs/openroad_postroute/core_wrapper_plus_copper/base/5_global_route.rpt,45929,github_actions,G1,imported from downloaded GitHub Actions artifact
copper_ci_28321186683_20260628_051002_00,research/results/imported_ci/copper_ci_28321186683_20260628_051002_00/research/results/logs/openroad_postroute/core_wrapper_plus_copper/base/5_route_drc.rpt,0,github_actions,G1,imported from downloaded GitHub Actions artifact
copper_ci_28321186683_20260628_051002_00,research/results/imported_ci/copper_ci_28321186683_20260628_051002_00/research/results/logs/openroad_postroute/core_wrapper_plus_copper/base/6_1_fill.json,58,github_actions,G1,imported from downloaded GitHub Actions artifact
copper_ci_28321186683_20260628_051002_00,research/results/imported_ci/copper_ci_28321186683_20260628_051002_00/research/results/logs/openroad_postroute/core_wrapper_plus_copper/base/6_1_fill.log,650,github_actions,G1,imported from downloaded GitHub Actions artifact
copper_ci_28321186683_20260628_051002_00,research/results/imported_ci/copper_ci_28321186683_20260628_051002_00/research/results/logs/openroad_postroute/core_wrapper_plus_copper/base/6_finish.rpt,45738,github_actions,G1,imported from downloaded GitHub Actions artifact
copper_ci_28321186683_20260628_051002_00,research/results/imported_ci/copper_ci_28321186683_20260628_051002_00/research/results/logs/openroad_postroute/core_wrapper_plus_copper/base/6_report.json,3124,github_actions,G1,imported from downloaded GitHub Actions artifact
copper_ci_28321186683_20260628_051002_00,research/results/imported_ci/copper_ci_28321186683_20260628_051002_00/research/results/logs/openroad_postroute/core_wrapper_plus_copper/base/6_report.log,4864,github_actions,G1,imported from downloaded GitHub Actions artifact
copper_ci_28321186683_20260628_051002_00,research/results/imported_ci/copper_ci_28321186683_20260628_051002_00/research/results/logs/openroad_postroute/core_wrapper_plus_copper/base/drt_antennas.log,0,github_actions,G1,imported from downloaded GitHub Actions artifact
copper_ci_28321186683_20260628_051002_00,research/results/imported_ci/copper_ci_28321186683_20260628_051002_00/research/results/logs/openroad_postroute/core_wrapper_plus_copper/base/grt_antennas.log,0,github_actions,G1,imported from downloaded GitHub Actions artifact
copper_ci_28321186683_20260628_051002_00,research/results/imported_ci/copper_ci_28321186683_20260628_051002_00/research/results/logs/openroad_postroute/core_wrapper_plus_copper/config.mk,910,github_actions,G1,imported from downloaded GitHub Actions artifact
copper_ci_28321186683_20260628_051002_00,research/results/imported_ci/copper_ci_28321186683_20260628_051002_00/research/results/logs/openroad_postroute/core_wrapper_plus_copper/constraint.sdc,622,github_actions,G1,imported from downloaded GitHub Actions artifact
copper_ci_28321186683_20260628_051002_00,research/results/imported_ci/copper_ci_28321186683_20260628_051002_00/research/results/logs/openroad_postroute/core_wrapper_plus_copper/orfs_make.log,86139,github_actions,G1,imported from downloaded GitHub Actions artifact
copper_ci_28321186683_20260628_051002_00,research/results/imported_ci/copper_ci_28321186683_20260628_051002_00/research/results/logs/openroad_postroute/core_wrapper_plus_copper/results/6_final.def,3486561,github_actions,G1,imported from downloaded GitHub Actions artifact
copper_ci_28321186683_20260628_051002_00,research/results/imported_ci/copper_ci_28321186683_20260628_051002_00/research/results/logs/openroad_postroute/core_wrapper_plus_copper/results/6_final.spef,4151003,github_actions,G1,imported from downloaded GitHub Actions artifact
copper_ci_28321186683_20260628_051002_00,research/results/imported_ci/copper_ci_28321186683_20260628_051002_00/research/results/logs/openroad_postroute/core_wrapper_plus_copper/results/6_final.v,614944,github_actions,G1,imported from downloaded GitHub Actions artifact
copper_ci_28321186683_20260628_051002_00,research/results/imported_ci/copper_ci_28321186683_20260628_051002_00/research/results/logs/openroad_postroute/full_core_baseline/orfs_make.log,113,github_actions,G1,imported from downloaded GitHub Actions artifact
copper_ci_28321186683_20260628_051002_00,research/results/imported_ci/copper_ci_28321186683_20260628_051002_00/research/results/logs/openroad_postroute/full_core_plus_copper/orfs_make.log,113,github_actions,G1,imported from downloaded GitHub Actions artifact
copper_ci_28321186683_20260628_051002_00,research/results/imported_ci/copper_ci_28321186683_20260628_051002_00/research/results/logs/openroad_postroute/openroad_postroute_availability.log,61,github_actions,G1,imported from downloaded GitHub Actions artifact
copper_ci_28321186683_20260628_051002_00,research/results/imported_ci/copper_ci_28321186683_20260628_051002_00/research/results/logs/openroad_postroute/orfs_fetch.log,1314,github_actions,G1,imported from downloaded GitHub Actions artifact
copper_ci_28321186683_20260628_051002_00,research/results/imported_ci/copper_ci_28321186683_20260628_051002_00/research/results/logs/paper/build_paper.log,9925,paper,G1,imported from downloaded GitHub Actions artifact
copper_ci_28321186683_20260628_051002_00,research/results/imported_ci/copper_ci_28321186683_20260628_051002_00/research/results/logs/rtl/iverilog_copper_prefetch_unit_open.log,0,rtl,G1,imported from downloaded GitHub Actions artifact
copper_ci_28321186683_20260628_051002_00,research/results/imported_ci/copper_ci_28321186683_20260628_051002_00/research/results/logs/rtl/vvp_copper_prefetch_unit_open_tb.log,211,rtl,G1,imported from downloaded GitHub Actions artifact
copper_ci_28321186683_20260628_051002_00,research/results/imported_ci/copper_ci_28321186683_20260628_051002_00/research/results/logs/synthesis/nextpnr_ecp5_baseline_prefetch_unit.log,64168,synth,G1,imported from downloaded GitHub Actions artifact
copper_ci_28321186683_20260628_051002_00,research/results/imported_ci/copper_ci_28321186683_20260628_051002_00/research/results/logs/synthesis/nextpnr_ecp5_copper_unit.log,103917,synth,G1,imported from downloaded GitHub Actions artifact
copper_ci_28321186683_20260628_051002_00,research/results/imported_ci/copper_ci_28321186683_20260628_051002_00/research/results/logs/synthesis/nextpnr_ecp5_copper_with_queue.log,118512,synth,G1,imported from downloaded GitHub Actions artifact
copper_ci_28321186683_20260628_051002_00,research/results/imported_ci/copper_ci_28321186683_20260628_051002_00/research/results/logs/synthesis/nextpnr_ecp5_copper_with_tables.log,134569,synth,G1,imported from downloaded GitHub Actions artifact
copper_ci_28321186683_20260628_051002_00,research/results/imported_ci/copper_ci_28321186683_20260628_051002_00/research/results/logs/synthesis/nextpnr_ice40_baseline_prefetch_unit.log,70750,synth,G1,imported from downloaded GitHub Actions artifact
copper_ci_28321186683_20260628_051002_00,research/results/imported_ci/copper_ci_28321186683_20260628_051002_00/research/results/logs/synthesis/nextpnr_ice40_copper_unit.log,83951,synth,G1,imported from downloaded GitHub Actions artifact
copper_ci_28321186683_20260628_051002_00,research/results/imported_ci/copper_ci_28321186683_20260628_051002_00/research/results/logs/synthesis/nextpnr_ice40_copper_with_queue.log,87931,synth,G1,imported from downloaded GitHub Actions artifact
copper_ci_28321186683_20260628_051002_00,research/results/imported_ci/copper_ci_28321186683_20260628_051002_00/research/results/logs/synthesis/nextpnr_ice40_copper_with_tables.log,107591,synth,G1,imported from downloaded GitHub Actions artifact
copper_ci_28321186683_20260628_051002_00,research/results/imported_ci/copper_ci_28321186683_20260628_051002_00/research/results/logs/synthesis/yosys_generic_baseline_prefetch_unit.log,19718,synth,G1,imported from downloaded GitHub Actions artifact
copper_ci_28321186683_20260628_051002_00,research/results/imported_ci/copper_ci_28321186683_20260628_051002_00/research/results/logs/synthesis/yosys_generic_copper_unit.log,36873,synth,G1,imported from downloaded GitHub Actions artifact
copper_ci_28321186683_20260628_051002_00,research/results/imported_ci/copper_ci_28321186683_20260628_051002_00/research/results/logs/synthesis/yosys_generic_copper_with_queue.log,39331,synth,G1,imported from downloaded GitHub Actions artifact
copper_ci_28321186683_20260628_051002_00,research/results/imported_ci/copper_ci_28321186683_20260628_051002_00/research/results/logs/synthesis/yosys_generic_copper_with_tables.log,54626,synth,G1,imported from downloaded GitHub Actions artifact
copper_ci_28321186683_20260628_051002_00,research/results/imported_ci/copper_ci_28321186683_20260628_051002_00/research/results/logs/vivado/baseline_core_wrapper.log,63,github_actions,G1,imported from downloaded GitHub Actions artifact
copper_ci_28321186683_20260628_051002_00,research/results/imported_ci/copper_ci_28321186683_20260628_051002_00/research/results/logs/vivado/core_wrapper_plus_baseline_prefetch.log,63,github_actions,G1,imported from downloaded GitHub Actions artifact
copper_ci_28321186683_20260628_051002_00,research/results/imported_ci/copper_ci_28321186683_20260628_051002_00/research/results/logs/vivado/core_wrapper_plus_copper.log,63,github_actions,G1,imported from downloaded GitHub Actions artifact
copper_ci_28321186683_20260628_051002_00,research/results/imported_ci/copper_ci_28321186683_20260628_051002_00/research/results/logs/vivado/nearcore_stub_baseline.log,63,github_actions,G1,imported from downloaded GitHub Actions artifact
copper_ci_28321186683_20260628_051002_00,research/results/imported_ci/copper_ci_28321186683_20260628_051002_00/research/results/logs/vivado/nearcore_stub_plus_copper.log,63,github_actions,G1,imported from downloaded GitHub Actions artifact
copper_ci_28321186683_20260628_051002_00,research/results/imported_ci/copper_ci_28321186683_20260628_051002_00/research/results/logs/workloads/build_workloads.log,209,github_actions,G1,imported from downloaded GitHub Actions artifact
copper_ci_28321186683_20260628_051002_00,research/results/imported_ci/copper_ci_28321186683_20260628_051002_00/research/results/mapped_ppa.csv,4769,github_actions,G15,merged into canonical evidence CSV
copper_ci_28321186683_20260628_051002_00,research/results/imported_ci/copper_ci_28321186683_20260628_051002_00/research/results/mapped_ppa_overhead.csv,4037,github_actions,G15,merged into canonical evidence CSV
copper_ci_28321186683_20260628_051002_00,research/results/imported_ci/copper_ci_28321186683_20260628_051002_00/research/results/memory_traffic.csv,33488,eval,G12,merged into canonical evidence CSV
copper_ci_28321186683_20260628_051002_00,research/results/imported_ci/copper_ci_28321186683_20260628_051002_00/research/results/mibench_patricia_12k_seed_stability_20260621.csv,420,github_actions,G1,imported from downloaded GitHub Actions artifact
copper_ci_28321186683_20260628_051002_00,research/results/imported_ci/copper_ci_28321186683_20260628_051002_00/research/results/mibench_patricia_scale_portfolio_20260620.csv,666,github_actions,G1,imported from downloaded GitHub Actions artifact
copper_ci_28321186683_20260628_051002_00,research/results/imported_ci/copper_ci_28321186683_20260628_051002_00/research/results/model_tests.csv,1309,test,G3,merged into canonical evidence CSV
copper_ci_28321186683_20260628_051002_00,research/results/imported_ci/copper_ci_28321186683_20260628_051002_00/research/results/number_audit.csv,88,paper-audit,G20,merged into canonical evidence CSV
copper_ci_28321186683_20260628_051002_00,research/results/imported_ci/copper_ci_28321186683_20260628_051002_00/research/results/openroad_postroute_power.csv,2491,github_actions,G16,merged into canonical evidence CSV
copper_ci_28321186683_20260628_051002_00,research/results/imported_ci/copper_ci_28321186683_20260628_051002_00/research/results/openroad_postroute_power_overhead.csv,2137,github_actions,G16,merged into canonical evidence CSV
copper_ci_28321186683_20260628_051002_00,research/results/imported_ci/copper_ci_28321186683_20260628_051002_00/research/results/paper_build_status.csv,286,paper,G19,merged into canonical evidence CSV
copper_ci_28321186683_20260628_051002_00,research/results/imported_ci/copper_ci_28321186683_20260628_051002_00/research/results/pass_top_tier_before/research__results__ci_status.csv,2060,github_actions,G1,imported from downloaded GitHub Actions artifact
copper_ci_28321186683_20260628_051002_00,research/results/imported_ci/copper_ci_28321186683_20260628_051002_00/research/results/pass_top_tier_before/research__results__cycle_memory_traffic.csv,101267,github_actions,G1,imported from downloaded GitHub Actions artifact
copper_ci_28321186683_20260628_051002_00,research/results/imported_ci/copper_ci_28321186683_20260628_051002_00/research/results/pass_top_tier_before/research__results__cycle_performance.csv,182174,github_actions,G1,imported from downloaded GitHub Actions artifact
copper_ci_28321186683_20260628_051002_00,research/results/imported_ci/copper_ci_28321186683_20260628_051002_00/research/results/pass_top_tier_before/research__results__cycle_prefetch_metrics.csv,96760,github_actions,G1,imported from downloaded GitHub Actions artifact
copper_ci_28321186683_20260628_051002_00,research/results/imported_ci/copper_ci_28321186683_20260628_051002_00/research/results/pass_top_tier_before/research__results__model_tests.csv,1299,test,G1,imported from downloaded GitHub Actions artifact
copper_ci_28321186683_20260628_051002_00,research/results/imported_ci/copper_ci_28321186683_20260628_051002_00/research/results/pass_top_tier_before/research__results__paper_build_status.csv,283,paper,G1,imported from downloaded GitHub Actions artifact
copper_ci_28321186683_20260628_051002_00,research/results/imported_ci/copper_ci_28321186683_20260628_051002_00/research/results/pass_top_tier_before/research__results__rtl_compile.csv,489,rtl,G1,imported from downloaded GitHub Actions artifact
copper_ci_28321186683_20260628_051002_00,research/results/imported_ci/copper_ci_28321186683_20260628_051002_00/research/results/pass_top_tier_before/research__results__rtl_simulation.csv,625,rtl,G1,imported from downloaded GitHub Actions artifact
copper_ci_28321186683_20260628_051002_00,research/results/imported_ci/copper_ci_28321186683_20260628_051002_00/research/results/pass_top_tier_before/research__results__statistical_summary.csv,129878,github_actions,G1,imported from downloaded GitHub Actions artifact
copper_ci_28321186683_20260628_051002_00,research/results/imported_ci/copper_ci_28321186683_20260628_051002_00/research/results/pass_top_tier_before/research__results__synthesis.csv,7103,synth,G1,imported from downloaded GitHub Actions artifact
copper_ci_28321186683_20260628_051002_00,research/results/imported_ci/copper_ci_28321186683_20260628_051002_00/research/results/pass_top_tier_before/research__results__synthesis_overhead.csv,5674,synth,G1,imported from downloaded GitHub Actions artifact
copper_ci_28321186683_20260628_051002_00,research/results/imported_ci/copper_ci_28321186683_20260628_051002_00/research/results/pass_top_tier_before/snapshot_manifest.csv,2083,github_actions,G1,imported from downloaded GitHub Actions artifact
copper_ci_28321186683_20260628_051002_00,research/results/imported_ci/copper_ci_28321186683_20260628_051002_00/research/results/pcre2_regex_seed_stability_20260620.csv,447,github_actions,G1,imported from downloaded GitHub Actions artifact
copper_ci_28321186683_20260628_051002_00,research/results/imported_ci/copper_ci_28321186683_20260628_051002_00/research/results/performance.csv,38946,eval,G11,merged into canonical evidence CSV
copper_ci_28321186683_20260628_051002_00,research/results/imported_ci/copper_ci_28321186683_20260628_051002_00/research/results/power_report_index.csv,2177,github_actions,G16,merged into canonical evidence CSV
copper_ci_28321186683_20260628_051002_00,research/results/imported_ci/copper_ci_28321186683_20260628_051002_00/research/results/ppa_ci_before/energy_proxy.csv,341361,github_actions,G16,imported from downloaded GitHub Actions artifact
copper_ci_28321186683_20260628_051002_00,research/results/imported_ci/copper_ci_28321186683_20260628_051002_00/research/results/ppa_ci_before/fullcore_synthesis.csv,1554,synth,G15,imported from downloaded GitHub Actions artifact
copper_ci_28321186683_20260628_051002_00,research/results/imported_ci/copper_ci_28321186683_20260628_051002_00/research/results/ppa_ci_before/fullcore_synthesis_overhead.csv,678,synth,G15,imported from downloaded GitHub Actions artifact
copper_ci_28321186683_20260628_051002_00,research/results/imported_ci/copper_ci_28321186683_20260628_051002_00/research/results/ppa_ci_before/independent_sim_performance.csv,54303,github_actions,G11/G17,imported from downloaded GitHub Actions artifact
copper_ci_28321186683_20260628_051002_00,research/results/imported_ci/copper_ci_28321186683_20260628_051002_00/research/results/ppa_ci_before/mapped_ppa.csv,2124,github_actions,G15,imported from downloaded GitHub Actions artifact
copper_ci_28321186683_20260628_051002_00,research/results/imported_ci/copper_ci_28321186683_20260628_051002_00/research/results/ppa_ci_before/mapped_ppa_overhead.csv,834,github_actions,G15,imported from downloaded GitHub Actions artifact
copper_ci_28321186683_20260628_051002_00,research/results/imported_ci/copper_ci_28321186683_20260628_051002_00/research/results/ppa_ci_before/paper_build_status.csv,283,paper,G19,imported from downloaded GitHub Actions artifact
copper_ci_28321186683_20260628_051002_00,research/results/imported_ci/copper_ci_28321186683_20260628_051002_00/research/results/ppa_ci_before/power_report_index.csv,687,github_actions,G16,imported from downloaded GitHub Actions artifact
copper_ci_28321186683_20260628_051002_00,research/results/imported_ci/copper_ci_28321186683_20260628_051002_00/research/results/ppa_ci_before/rtl_simulation.csv,450,rtl,G5,imported from downloaded GitHub Actions artifact
copper_ci_28321186683_20260628_051002_00,research/results/imported_ci/copper_ci_28321186683_20260628_051002_00/research/results/prefetch_metrics.csv,49180,eval,G10,merged into canonical evidence CSV
copper_ci_28321186683_20260628_051002_00,research/results/imported_ci/copper_ci_28321186683_20260628_051002_00/research/results/preflight_baseline_check.csv,5357,github_actions,G1,imported from downloaded GitHub Actions artifact
copper_ci_28321186683_20260628_051002_00,research/results/imported_ci/copper_ci_28321186683_20260628_051002_00/research/results/rtl_compile.csv,268,rtl,G4,merged into canonical evidence CSV
copper_ci_28321186683_20260628_051002_00,research/results/imported_ci/copper_ci_28321186683_20260628_051002_00/research/results/rtl_simulation.csv,452,rtl,G5,merged into canonical evidence CSV
copper_ci_28321186683_20260628_051002_00,research/results/imported_ci/copper_ci_28321186683_20260628_051002_00/research/results/seed_stability.csv,36752,github_actions,G17,merged into canonical evidence CSV
copper_ci_28321186683_20260628_051002_00,research/results/imported_ci/copper_ci_28321186683_20260628_051002_00/research/results/sensitivity.csv,3457,github_actions,G13,merged into canonical evidence CSV
copper_ci_28321186683_20260628_051002_00,research/results/imported_ci/copper_ci_28321186683_20260628_051002_00/research/results/statistical_summary.csv,130515,github_actions,G17,merged into canonical evidence CSV
copper_ci_28321186683_20260628_051002_00,research/results/imported_ci/copper_ci_28321186683_20260628_051002_00/research/results/synthesis.csv,3027,synth,G15,merged into canonical evidence CSV
copper_ci_28321186683_20260628_051002_00,research/results/imported_ci/copper_ci_28321186683_20260628_051002_00/research/results/synthesis_overhead.csv,3114,synth,G15,merged into canonical evidence CSV
copper_ci_28321186683_20260628_051002_00,research/results/imported_ci/copper_ci_28321186683_20260628_051002_00/research/results/todo_audit.csv,75,paper-audit,G20,merged into canonical evidence CSV
copper_ci_28321186683_20260628_051002_00,research/results/imported_ci/copper_ci_28321186683_20260628_051002_00/research/results/toolchain_status.csv,2826,toolchain,G1/G2,merged into canonical evidence CSV
copper_ci_28321186683_20260628_051002_00,research/results/imported_ci/copper_ci_28321186683_20260628_051002_00/research/results/workload_build.csv,5778,github_actions,G6/G7,merged into canonical evidence CSV
