benchmark,input,seed,config,evidence_level,simulator,demand_loads,prefetch_loads,total_memory_requests,traffic_overhead_pct,bandwidth_pressure_metric,log_path,notes
cachesvc_app,cachesvc_app_medium_key__seed2__poison1,2,no_prefetch,gem5_full_system,gem5 ARM full-system imported summary,57737,0,57737,0.000000,1.000000,research/results/gem5_arm_ubuntu_fs_cachesvc_app/cachesvc_app_medium_key_summary.csv,"Imported from research/results/gem5_arm_ubuntu_fs_cachesvc_app/cachesvc_app_medium_key_summary.csv; checksum=0x3d38f00f0464cb72; policy=none; rc=0 for every row in this summary. The cycles field records gem5 ROI ticks from roi_ticks when present, otherwise sim_ticks."
cachesvc_app,cachesvc_app_medium_key__seed2__poison1,2,stride,gem5_full_system,gem5 ARM full-system imported summary,48227,20484,68711,19.006876,1.190069,research/results/gem5_arm_ubuntu_fs_cachesvc_app/cachesvc_app_medium_key_summary.csv,"Imported from research/results/gem5_arm_ubuntu_fs_cachesvc_app/cachesvc_app_medium_key_summary.csv; checksum=0x3d38f00f0464cb72; policy=stride; rc=0 for every row in this summary. The cycles field records gem5 ROI ticks from roi_ticks when present, otherwise sim_ticks."
cachesvc_app,cachesvc_app_medium_key__seed2__poison1,2,naive_dmp,gem5_full_system,gem5 ARM full-system imported summary,57722,2191,59913,3.768814,1.037688,research/results/gem5_arm_ubuntu_fs_cachesvc_app/cachesvc_app_medium_key_summary.csv,"Imported from research/results/gem5_arm_ubuntu_fs_cachesvc_app/cachesvc_app_medium_key_summary.csv; checksum=0x3d38f00f0464cb72; policy=naive; rc=0 for every row in this summary. The cycles field records gem5 ROI ticks from roi_ticks when present, otherwise sim_ticks."
cachesvc_app,cachesvc_app_medium_key__seed2__poison1,2,copper_clpd64k_peb,gem5_full_system,gem5 ARM full-system imported summary,57578,1337,58915,2.040286,1.020403,research/results/gem5_arm_ubuntu_fs_cachesvc_app/cachesvc_app_medium_key_summary.csv,"Imported from research/results/gem5_arm_ubuntu_fs_cachesvc_app/cachesvc_app_medium_key_summary.csv; checksum=0x3d38f00f0464cb72; policy=copper_clpd64k_peb; rc=0 for every row in this summary. The cycles field records gem5 ROI ticks from roi_ticks when present, otherwise sim_ticks."
cachesvc_app,cachesvc_app_medium_key__seed2__poison1,2,dcpt,gem5_full_system,gem5 ARM full-system imported summary,41068,205440,246508,326.949790,4.269498,research/results/gem5_arm_ubuntu_fs_cachesvc_app/cachesvc_app_medium_key_summary.csv,"Imported from research/results/gem5_arm_ubuntu_fs_cachesvc_app/cachesvc_app_medium_key_summary.csv; checksum=0x3d38f00f0464cb72; policy=dcpt; rc=0 for every row in this summary. The cycles field records gem5 ROI ticks from roi_ticks when present, otherwise sim_ticks."
cachesvc_app,cachesvc_app_medium_key__seed2__poison1,2,spp,gem5_full_system,gem5 ARM full-system imported summary,38252,170281,208533,261.177408,3.611774,research/results/gem5_arm_ubuntu_fs_cachesvc_app/cachesvc_app_medium_key_summary.csv,"Imported from research/results/gem5_arm_ubuntu_fs_cachesvc_app/cachesvc_app_medium_key_summary.csv; checksum=0x3d38f00f0464cb72; policy=spp; rc=0 for every row in this summary. The cycles field records gem5 ROI ticks from roi_ticks when present, otherwise sim_ticks."
cachesvc_app,cachesvc_app_medium_key__seed2__poison1,2,ampm,gem5_full_system,gem5 ARM full-system imported summary,44624,269426,314050,443.931967,5.439320,research/results/gem5_arm_ubuntu_fs_cachesvc_app/cachesvc_app_medium_key_summary.csv,"Imported from research/results/gem5_arm_ubuntu_fs_cachesvc_app/cachesvc_app_medium_key_summary.csv; checksum=0x3d38f00f0464cb72; policy=ampm; rc=0 for every row in this summary. The cycles field records gem5 ROI ticks from roi_ticks when present, otherwise sim_ticks."
cachesvc_app,cachesvc_app_medium_key__seed2__poison1,2,spp_copper_slack,gem5_full_system,gem5 ARM full-system imported summary,38242,171485,209727,263.245406,3.632454,research/results/gem5_arm_ubuntu_fs_cachesvc_app/cachesvc_app_medium_key_summary.csv,"Imported from research/results/gem5_arm_ubuntu_fs_cachesvc_app/cachesvc_app_medium_key_summary.csv; checksum=0x3d38f00f0464cb72; policy=spp_copper_slack; rc=0 for every row in this summary. The cycles field records gem5 ROI ticks from roi_ticks when present, otherwise sim_ticks."
cachesvc_app,cachesvc_app_small__seed2__poison1,2,no_prefetch,gem5_full_system,gem5 ARM full-system imported summary,51835,0,51835,0.000000,1.000000,research/results/gem5_arm_ubuntu_fs_cachesvc_app/cachesvc_app_small_summary.csv,"Imported from research/results/gem5_arm_ubuntu_fs_cachesvc_app/cachesvc_app_small_summary.csv; checksum=0xd8e12b7b2c5a2f4b; policy=none; rc=0 for every row in this summary. The cycles field records gem5 ROI ticks from roi_ticks when present, otherwise sim_ticks."
cachesvc_app,cachesvc_app_small__seed2__poison1,2,stride,gem5_full_system,gem5 ARM full-system imported summary,42456,20051,62507,20.588406,1.205884,research/results/gem5_arm_ubuntu_fs_cachesvc_app/cachesvc_app_small_summary.csv,"Imported from research/results/gem5_arm_ubuntu_fs_cachesvc_app/cachesvc_app_small_summary.csv; checksum=0xd8e12b7b2c5a2f4b; policy=stride; rc=0 for every row in this summary. The cycles field records gem5 ROI ticks from roi_ticks when present, otherwise sim_ticks."
cachesvc_app,cachesvc_app_small__seed2__poison1,2,naive_dmp,gem5_full_system,gem5 ARM full-system imported summary,51643,1256,52899,2.052667,1.020527,research/results/gem5_arm_ubuntu_fs_cachesvc_app/cachesvc_app_small_summary.csv,"Imported from research/results/gem5_arm_ubuntu_fs_cachesvc_app/cachesvc_app_small_summary.csv; checksum=0xd8e12b7b2c5a2f4b; policy=naive; rc=0 for every row in this summary. The cycles field records gem5 ROI ticks from roi_ticks when present, otherwise sim_ticks."
cachesvc_app,cachesvc_app_small__seed2__poison1,2,copper_clpd64k_peb,gem5_full_system,gem5 ARM full-system imported summary,51820,593,52413,1.115077,1.011151,research/results/gem5_arm_ubuntu_fs_cachesvc_app/cachesvc_app_small_summary.csv,"Imported from research/results/gem5_arm_ubuntu_fs_cachesvc_app/cachesvc_app_small_summary.csv; checksum=0xd8e12b7b2c5a2f4b; policy=copper_clpd64k_peb; rc=0 for every row in this summary. The cycles field records gem5 ROI ticks from roi_ticks when present, otherwise sim_ticks."
cachesvc_app,cachesvc_app_small__seed2__poison1,2,dcpt,gem5_full_system,gem5 ARM full-system imported summary,35390,203385,238775,360.644352,4.606444,research/results/gem5_arm_ubuntu_fs_cachesvc_app/cachesvc_app_small_summary.csv,"Imported from research/results/gem5_arm_ubuntu_fs_cachesvc_app/cachesvc_app_small_summary.csv; checksum=0xd8e12b7b2c5a2f4b; policy=dcpt; rc=0 for every row in this summary. The cycles field records gem5 ROI ticks from roi_ticks when present, otherwise sim_ticks."
cachesvc_app,cachesvc_app_small__seed2__poison1,2,spp,gem5_full_system,gem5 ARM full-system imported summary,32415,160612,193027,272.387383,3.723874,research/results/gem5_arm_ubuntu_fs_cachesvc_app/cachesvc_app_small_summary.csv,"Imported from research/results/gem5_arm_ubuntu_fs_cachesvc_app/cachesvc_app_small_summary.csv; checksum=0xd8e12b7b2c5a2f4b; policy=spp; rc=0 for every row in this summary. The cycles field records gem5 ROI ticks from roi_ticks when present, otherwise sim_ticks."
cachesvc_app,cachesvc_app_small__seed2__poison1,2,ampm,gem5_full_system,gem5 ARM full-system imported summary,36022,236336,272358,425.432623,5.254326,research/results/gem5_arm_ubuntu_fs_cachesvc_app/cachesvc_app_small_summary.csv,"Imported from research/results/gem5_arm_ubuntu_fs_cachesvc_app/cachesvc_app_small_summary.csv; checksum=0xd8e12b7b2c5a2f4b; policy=ampm; rc=0 for every row in this summary. The cycles field records gem5 ROI ticks from roi_ticks when present, otherwise sim_ticks."
cachesvc_app,cachesvc_app_small__seed2__poison1,2,spp_copper_slack,gem5_full_system,gem5 ARM full-system imported summary,32410,161144,193554,273.404071,3.734041,research/results/gem5_arm_ubuntu_fs_cachesvc_app/cachesvc_app_small_summary.csv,"Imported from research/results/gem5_arm_ubuntu_fs_cachesvc_app/cachesvc_app_small_summary.csv; checksum=0xd8e12b7b2c5a2f4b; policy=spp_copper_slack; rc=0 for every row in this summary. The cycles field records gem5 ROI ticks from roi_ticks when present, otherwise sim_ticks."
cachesvc_app,cachesvc_codex_raw_smoke__seed7__poison1,7,no_prefetch,gem5_full_system,gem5 ARM full-system imported summary,52344,0,52344,0.000000,1.000000,research/results/gem5_arm_ubuntu_fs_cachesvc_app/cachesvc_codex_raw_smoke_summary.csv,"Imported from research/results/gem5_arm_ubuntu_fs_cachesvc_app/cachesvc_codex_raw_smoke_summary.csv; checksum=0x37fad5aec212d5f4; policy=none; rc=0 for every row in this summary. The cycles field records gem5 ROI ticks from roi_ticks when present, otherwise sim_ticks."
cachesvc_app,cachesvc_codex_raw_smoke__seed7__poison1,7,copper_clpd64k_peb,gem5_full_system,gem5 ARM full-system imported summary,52325,647,52972,1.199755,1.011998,research/results/gem5_arm_ubuntu_fs_cachesvc_app/cachesvc_codex_raw_smoke_summary.csv,"Imported from research/results/gem5_arm_ubuntu_fs_cachesvc_app/cachesvc_codex_raw_smoke_summary.csv; checksum=0x37fad5aec212d5f4; policy=copper_clpd64k_peb; rc=0 for every row in this summary. The cycles field records gem5 ROI ticks from roi_ticks when present, otherwise sim_ticks."
duktape_app,duktape_app_medium__poison1,NA,no_prefetch,gem5_full_system,gem5 ARM full-system imported summary,502848,0,502848,0.000000,1.000000,research/results/gem5_arm_ubuntu_fs_duktape_app/duktape_app_medium_summary.csv,"Imported from research/results/gem5_arm_ubuntu_fs_duktape_app/duktape_app_medium_summary.csv; checksum=0x2e53ef0; policy=none; rc=0 for every row in this summary. The cycles field records gem5 ROI ticks from roi_ticks when present, otherwise sim_ticks."
duktape_app,duktape_app_medium__poison1,NA,stride,gem5_full_system,gem5 ARM full-system imported summary,390898,159433,550331,9.442814,1.094428,research/results/gem5_arm_ubuntu_fs_duktape_app/duktape_app_medium_summary.csv,"Imported from research/results/gem5_arm_ubuntu_fs_duktape_app/duktape_app_medium_summary.csv; checksum=0x2e53ef0; policy=stride; rc=0 for every row in this summary. The cycles field records gem5 ROI ticks from roi_ticks when present, otherwise sim_ticks."
duktape_app,duktape_app_medium__poison1,NA,naive_dmp,gem5_full_system,gem5 ARM full-system imported summary,502763,87880,590643,17.459550,1.174596,research/results/gem5_arm_ubuntu_fs_duktape_app/duktape_app_medium_summary.csv,"Imported from research/results/gem5_arm_ubuntu_fs_duktape_app/duktape_app_medium_summary.csv; checksum=0x2e53ef0; policy=naive; rc=0 for every row in this summary. The cycles field records gem5 ROI ticks from roi_ticks when present, otherwise sim_ticks."
duktape_app,duktape_app_medium__poison1,NA,copper_clpd64k_peb,gem5_full_system,gem5 ARM full-system imported summary,501448,60140,561588,11.681462,1.116815,research/results/gem5_arm_ubuntu_fs_duktape_app/duktape_app_medium_summary.csv,"Imported from research/results/gem5_arm_ubuntu_fs_duktape_app/duktape_app_medium_summary.csv; checksum=0x2e53ef0; policy=copper_clpd64k_peb; rc=0 for every row in this summary. The cycles field records gem5 ROI ticks from roi_ticks when present, otherwise sim_ticks."
duktape_app,duktape_app_medium__poison1,NA,dcpt,gem5_full_system,gem5 ARM full-system imported summary,335180,1835191,2170371,331.615717,4.316157,research/results/gem5_arm_ubuntu_fs_duktape_app/duktape_app_medium_summary.csv,"Imported from research/results/gem5_arm_ubuntu_fs_duktape_app/duktape_app_medium_summary.csv; checksum=0x2e53ef0; policy=dcpt; rc=0 for every row in this summary. The cycles field records gem5 ROI ticks from roi_ticks when present, otherwise sim_ticks."
duktape_app,duktape_app_medium__poison1,NA,spp,gem5_full_system,gem5 ARM full-system imported summary,301029,1836666,2137695,325.117531,4.251175,research/results/gem5_arm_ubuntu_fs_duktape_app/duktape_app_medium_summary.csv,"Imported from research/results/gem5_arm_ubuntu_fs_duktape_app/duktape_app_medium_summary.csv; checksum=0x2e53ef0; policy=spp; rc=0 for every row in this summary. The cycles field records gem5 ROI ticks from roi_ticks when present, otherwise sim_ticks."
duktape_app,duktape_app_medium__poison1,NA,ampm,gem5_full_system,gem5 ARM full-system imported summary,448634,2024342,2472976,391.793942,4.917939,research/results/gem5_arm_ubuntu_fs_duktape_app/duktape_app_medium_summary.csv,"Imported from research/results/gem5_arm_ubuntu_fs_duktape_app/duktape_app_medium_summary.csv; checksum=0x2e53ef0; policy=ampm; rc=0 for every row in this summary. The cycles field records gem5 ROI ticks from roi_ticks when present, otherwise sim_ticks."
duktape_app,duktape_app_medium__poison1,NA,spp_copper_slack,gem5_full_system,gem5 ARM full-system imported summary,298929,2012765,2311694,359.720234,4.597202,research/results/gem5_arm_ubuntu_fs_duktape_app/duktape_app_medium_summary.csv,"Imported from research/results/gem5_arm_ubuntu_fs_duktape_app/duktape_app_medium_summary.csv; checksum=0x2e53ef0; policy=spp_copper_slack; rc=0 for every row in this summary. The cycles field records gem5 ROI ticks from roi_ticks when present, otherwise sim_ticks."
duktape_app,duktape_app_stress__poison1,NA,no_prefetch,gem5_full_system,gem5 ARM full-system imported summary,878862,0,878862,0.000000,1.000000,research/results/gem5_arm_ubuntu_fs_duktape_app/duktape_app_stress_summary.csv,"Imported from research/results/gem5_arm_ubuntu_fs_duktape_app/duktape_app_stress_summary.csv; checksum=0x3928cced; policy=none; rc=0 for every row in this summary. The cycles field records gem5 ROI ticks from roi_ticks when present, otherwise sim_ticks."
duktape_app,duktape_app_stress__poison1,NA,stride,gem5_full_system,gem5 ARM full-system imported summary,670500,288145,958645,9.077989,1.090780,research/results/gem5_arm_ubuntu_fs_duktape_app/duktape_app_stress_summary.csv,"Imported from research/results/gem5_arm_ubuntu_fs_duktape_app/duktape_app_stress_summary.csv; checksum=0x3928cced; policy=stride; rc=0 for every row in this summary. The cycles field records gem5 ROI ticks from roi_ticks when present, otherwise sim_ticks."
duktape_app,duktape_app_stress__poison1,NA,naive_dmp,gem5_full_system,gem5 ARM full-system imported summary,883809,164639,1048448,19.296090,1.192961,research/results/gem5_arm_ubuntu_fs_duktape_app/duktape_app_stress_summary.csv,"Imported from research/results/gem5_arm_ubuntu_fs_duktape_app/duktape_app_stress_summary.csv; checksum=0x3928cced; policy=naive; rc=0 for every row in this summary. The cycles field records gem5 ROI ticks from roi_ticks when present, otherwise sim_ticks."
duktape_app,duktape_app_stress__poison1,NA,copper_clpd64k_peb,gem5_full_system,gem5 ARM full-system imported summary,881694,107077,988771,12.505831,1.125058,research/results/gem5_arm_ubuntu_fs_duktape_app/duktape_app_stress_summary.csv,"Imported from research/results/gem5_arm_ubuntu_fs_duktape_app/duktape_app_stress_summary.csv; checksum=0x3928cced; policy=copper_clpd64k_peb; rc=0 for every row in this summary. The cycles field records gem5 ROI ticks from roi_ticks when present, otherwise sim_ticks."
duktape_app,duktape_app_stress__poison1,NA,dcpt,gem5_full_system,gem5 ARM full-system imported summary,573514,3312113,3885627,342.120265,4.421203,research/results/gem5_arm_ubuntu_fs_duktape_app/duktape_app_stress_summary.csv,"Imported from research/results/gem5_arm_ubuntu_fs_duktape_app/duktape_app_stress_summary.csv; checksum=0x3928cced; policy=dcpt; rc=0 for every row in this summary. The cycles field records gem5 ROI ticks from roi_ticks when present, otherwise sim_ticks."
duktape_app,duktape_app_stress__poison1,NA,spp,gem5_full_system,gem5 ARM full-system imported summary,547519,3218828,3766347,328.548168,4.285482,research/results/gem5_arm_ubuntu_fs_duktape_app/duktape_app_stress_summary.csv,"Imported from research/results/gem5_arm_ubuntu_fs_duktape_app/duktape_app_stress_summary.csv; checksum=0x3928cced; policy=spp; rc=0 for every row in this summary. The cycles field records gem5 ROI ticks from roi_ticks when present, otherwise sim_ticks."
duktape_app,duktape_app_stress__poison1,NA,ampm,gem5_full_system,gem5 ARM full-system imported summary,748877,2902560,3651437,315.473305,4.154733,research/results/gem5_arm_ubuntu_fs_duktape_app/duktape_app_stress_summary.csv,"Imported from research/results/gem5_arm_ubuntu_fs_duktape_app/duktape_app_stress_summary.csv; checksum=0x3928cced; policy=ampm; rc=0 for every row in this summary. The cycles field records gem5 ROI ticks from roi_ticks when present, otherwise sim_ticks."
duktape_app,duktape_app_stress__poison1,NA,spp_copper_slack,gem5_full_system,gem5 ARM full-system imported summary,536633,3512078,4048711,360.676534,4.606765,research/results/gem5_arm_ubuntu_fs_duktape_app/duktape_app_stress_summary.csv,"Imported from research/results/gem5_arm_ubuntu_fs_duktape_app/duktape_app_stress_summary.csv; checksum=0x3928cced; policy=spp_copper_slack; rc=0 for every row in this summary. The cycles field records gem5 ROI ticks from roi_ticks when present, otherwise sim_ticks."
jsonsqlite_app,jsonsqlite_app_medium__seed3__poison1,3,no_prefetch,gem5_full_system,gem5 ARM full-system imported summary,328639,0,328639,0.000000,1.000000,research/results/gem5_arm_ubuntu_fs_jsonsqlite_app/jsonsqlite_app_medium_summary.csv,"Imported from research/results/gem5_arm_ubuntu_fs_jsonsqlite_app/jsonsqlite_app_medium_summary.csv; checksum=0xb8236aed9f7723ec; policy=none; rc=0 for every row in this summary. The cycles field records gem5 ROI ticks from roi_ticks when present, otherwise sim_ticks."
jsonsqlite_app,jsonsqlite_app_medium__seed3__poison1,3,stride,gem5_full_system,gem5 ARM full-system imported summary,306629,43624,350253,6.576821,1.065768,research/results/gem5_arm_ubuntu_fs_jsonsqlite_app/jsonsqlite_app_medium_summary.csv,"Imported from research/results/gem5_arm_ubuntu_fs_jsonsqlite_app/jsonsqlite_app_medium_summary.csv; checksum=0xb8236aed9f7723ec; policy=stride; rc=0 for every row in this summary. The cycles field records gem5 ROI ticks from roi_ticks when present, otherwise sim_ticks."
jsonsqlite_app,jsonsqlite_app_medium__seed3__poison1,3,naive_dmp,gem5_full_system,gem5 ARM full-system imported summary,327438,18062,345500,5.130554,1.051306,research/results/gem5_arm_ubuntu_fs_jsonsqlite_app/jsonsqlite_app_medium_summary.csv,"Imported from research/results/gem5_arm_ubuntu_fs_jsonsqlite_app/jsonsqlite_app_medium_summary.csv; checksum=0xb8236aed9f7723ec; policy=naive; rc=0 for every row in this summary. The cycles field records gem5 ROI ticks from roi_ticks when present, otherwise sim_ticks."
jsonsqlite_app,jsonsqlite_app_medium__seed3__poison1,3,copper_clpd64k_peb,gem5_full_system,gem5 ARM full-system imported summary,326074,14196,340270,3.539142,1.035391,research/results/gem5_arm_ubuntu_fs_jsonsqlite_app/jsonsqlite_app_medium_summary.csv,"Imported from research/results/gem5_arm_ubuntu_fs_jsonsqlite_app/jsonsqlite_app_medium_summary.csv; checksum=0xb8236aed9f7723ec; policy=copper_clpd64k_peb; rc=0 for every row in this summary. The cycles field records gem5 ROI ticks from roi_ticks when present, otherwise sim_ticks."
jsonsqlite_app,jsonsqlite_app_medium__seed3__poison1,3,dcpt,gem5_full_system,gem5 ARM full-system imported summary,325659,641656,967315,194.339686,2.943397,research/results/gem5_arm_ubuntu_fs_jsonsqlite_app/jsonsqlite_app_medium_summary.csv,"Imported from research/results/gem5_arm_ubuntu_fs_jsonsqlite_app/jsonsqlite_app_medium_summary.csv; checksum=0xb8236aed9f7723ec; policy=dcpt; rc=0 for every row in this summary. The cycles field records gem5 ROI ticks from roi_ticks when present, otherwise sim_ticks."
jsonsqlite_app,jsonsqlite_app_medium__seed3__poison1,3,spp,gem5_full_system,gem5 ARM full-system imported summary,241766,1952087,2193853,567.557107,6.675571,research/results/gem5_arm_ubuntu_fs_jsonsqlite_app/jsonsqlite_app_medium_summary.csv,"Imported from research/results/gem5_arm_ubuntu_fs_jsonsqlite_app/jsonsqlite_app_medium_summary.csv; checksum=0xb8236aed9f7723ec; policy=spp; rc=0 for every row in this summary. The cycles field records gem5 ROI ticks from roi_ticks when present, otherwise sim_ticks."
jsonsqlite_app,jsonsqlite_app_medium__seed3__poison1,3,ampm,gem5_full_system,gem5 ARM full-system imported summary,369676,1552212,1921888,484.802169,5.848022,research/results/gem5_arm_ubuntu_fs_jsonsqlite_app/jsonsqlite_app_medium_summary.csv,"Imported from research/results/gem5_arm_ubuntu_fs_jsonsqlite_app/jsonsqlite_app_medium_summary.csv; checksum=0xb8236aed9f7723ec; policy=ampm; rc=0 for every row in this summary. The cycles field records gem5 ROI ticks from roi_ticks when present, otherwise sim_ticks."
jsonsqlite_app,jsonsqlite_app_medium__seed3__poison1,3,spp_copper_slack,gem5_full_system,gem5 ARM full-system imported summary,240835,1944994,2185829,565.115522,6.651155,research/results/gem5_arm_ubuntu_fs_jsonsqlite_app/jsonsqlite_app_medium_summary.csv,"Imported from research/results/gem5_arm_ubuntu_fs_jsonsqlite_app/jsonsqlite_app_medium_summary.csv; checksum=0xb8236aed9f7723ec; policy=spp_copper_slack; rc=0 for every row in this summary. The cycles field records gem5 ROI ticks from roi_ticks when present, otherwise sim_ticks."
jsonsqlite_app,jsonsqlite_app_stress__seed4__poison1,4,no_prefetch,gem5_full_system,gem5 ARM full-system imported summary,933617,0,933617,0.000000,1.000000,research/results/gem5_arm_ubuntu_fs_jsonsqlite_app/jsonsqlite_app_stress_summary.csv,"Imported from research/results/gem5_arm_ubuntu_fs_jsonsqlite_app/jsonsqlite_app_stress_summary.csv; checksum=0x349368bc3162ec49; policy=none; rc=0 for every row in this summary. The cycles field records gem5 ROI ticks from roi_ticks when present, otherwise sim_ticks."
jsonsqlite_app,jsonsqlite_app_stress__seed4__poison1,4,stride,gem5_full_system,gem5 ARM full-system imported summary,908107,55752,963859,3.239230,1.032392,research/results/gem5_arm_ubuntu_fs_jsonsqlite_app/jsonsqlite_app_stress_summary.csv,"Imported from research/results/gem5_arm_ubuntu_fs_jsonsqlite_app/jsonsqlite_app_stress_summary.csv; checksum=0x349368bc3162ec49; policy=stride; rc=0 for every row in this summary. The cycles field records gem5 ROI ticks from roi_ticks when present, otherwise sim_ticks."
jsonsqlite_app,jsonsqlite_app_stress__seed4__poison1,4,naive_dmp,gem5_full_system,gem5 ARM full-system imported summary,925283,74485,999768,7.085454,1.070855,research/results/gem5_arm_ubuntu_fs_jsonsqlite_app/jsonsqlite_app_stress_summary.csv,"Imported from research/results/gem5_arm_ubuntu_fs_jsonsqlite_app/jsonsqlite_app_stress_summary.csv; checksum=0x349368bc3162ec49; policy=naive; rc=0 for every row in this summary. The cycles field records gem5 ROI ticks from roi_ticks when present, otherwise sim_ticks."
jsonsqlite_app,jsonsqlite_app_stress__seed4__poison1,4,copper_clpd64k_peb,gem5_full_system,gem5 ARM full-system imported summary,926323,66385,992708,6.329255,1.063293,research/results/gem5_arm_ubuntu_fs_jsonsqlite_app/jsonsqlite_app_stress_summary.csv,"Imported from research/results/gem5_arm_ubuntu_fs_jsonsqlite_app/jsonsqlite_app_stress_summary.csv; checksum=0x349368bc3162ec49; policy=copper_clpd64k_peb; rc=0 for every row in this summary. The cycles field records gem5 ROI ticks from roi_ticks when present, otherwise sim_ticks."
jsonsqlite_app,jsonsqlite_app_stress__seed4__poison1,4,dcpt,gem5_full_system,gem5 ARM full-system imported summary,950652,1205545,2156197,130.950915,2.309509,research/results/gem5_arm_ubuntu_fs_jsonsqlite_app/jsonsqlite_app_stress_summary.csv,"Imported from research/results/gem5_arm_ubuntu_fs_jsonsqlite_app/jsonsqlite_app_stress_summary.csv; checksum=0x349368bc3162ec49; policy=dcpt; rc=0 for every row in this summary. The cycles field records gem5 ROI ticks from roi_ticks when present, otherwise sim_ticks."
jsonsqlite_app,jsonsqlite_app_stress__seed4__poison1,4,spp,gem5_full_system,gem5 ARM full-system imported summary,596699,5530146,6126845,556.248226,6.562482,research/results/gem5_arm_ubuntu_fs_jsonsqlite_app/jsonsqlite_app_stress_summary.csv,"Imported from research/results/gem5_arm_ubuntu_fs_jsonsqlite_app/jsonsqlite_app_stress_summary.csv; checksum=0x349368bc3162ec49; policy=spp; rc=0 for every row in this summary. The cycles field records gem5 ROI ticks from roi_ticks when present, otherwise sim_ticks."
jsonsqlite_app,jsonsqlite_app_stress__seed4__poison1,4,ampm,gem5_full_system,gem5 ARM full-system imported summary,898132,3293827,4191959,349.002000,4.490020,research/results/gem5_arm_ubuntu_fs_jsonsqlite_app/jsonsqlite_app_stress_summary.csv,"Imported from research/results/gem5_arm_ubuntu_fs_jsonsqlite_app/jsonsqlite_app_stress_summary.csv; checksum=0x349368bc3162ec49; policy=ampm; rc=0 for every row in this summary. The cycles field records gem5 ROI ticks from roi_ticks when present, otherwise sim_ticks."
jsonsqlite_app,jsonsqlite_app_stress__seed4__poison1,4,spp_copper_slack,gem5_full_system,gem5 ARM full-system imported summary,584460,5483115,6067575,549.899798,6.498998,research/results/gem5_arm_ubuntu_fs_jsonsqlite_app/jsonsqlite_app_stress_summary.csv,"Imported from research/results/gem5_arm_ubuntu_fs_jsonsqlite_app/jsonsqlite_app_stress_summary.csv; checksum=0x349368bc3162ec49; policy=spp_copper_slack; rc=0 for every row in this summary. The cycles field records gem5 ROI ticks from roi_ticks when present, otherwise sim_ticks."
lua_app,lua_app_medium__poison1,NA,no_prefetch,gem5_full_system,gem5 ARM full-system imported summary,396700,0,396700,0.000000,1.000000,research/results/gem5_arm_ubuntu_fs_lua_app/lua_app_medium_summary.csv,"Imported from research/results/gem5_arm_ubuntu_fs_lua_app/lua_app_medium_summary.csv; checksum=0x1087e661; policy=none; rc=0 for every row in this summary. The cycles field records gem5 ROI ticks from roi_ticks when present, otherwise sim_ticks."
lua_app,lua_app_medium__poison1,NA,naive_dmp,gem5_full_system,gem5 ARM full-system imported summary,385791,74914,460705,16.134358,1.161344,research/results/gem5_arm_ubuntu_fs_lua_app/lua_app_medium_summary.csv,"Imported from research/results/gem5_arm_ubuntu_fs_lua_app/lua_app_medium_summary.csv; checksum=0x1087e661; policy=naive; rc=0 for every row in this summary. The cycles field records gem5 ROI ticks from roi_ticks when present, otherwise sim_ticks."
lua_app,lua_app_medium__poison1,NA,copper_clpd64k_peb,gem5_full_system,gem5 ARM full-system imported summary,381455,73613,455068,14.713385,1.147134,research/results/gem5_arm_ubuntu_fs_lua_app/lua_app_medium_summary.csv,"Imported from research/results/gem5_arm_ubuntu_fs_lua_app/lua_app_medium_summary.csv; checksum=0x1087e661; policy=copper_clpd64k_peb; rc=0 for every row in this summary. The cycles field records gem5 ROI ticks from roi_ticks when present, otherwise sim_ticks."
lua_app,lua_app_medium__poison1,NA,spp,gem5_full_system,gem5 ARM full-system imported summary,150510,1911196,2061706,419.714142,5.197141,research/results/gem5_arm_ubuntu_fs_lua_app/lua_app_medium_summary.csv,"Imported from research/results/gem5_arm_ubuntu_fs_lua_app/lua_app_medium_summary.csv; checksum=0x1087e661; policy=spp; rc=0 for every row in this summary. The cycles field records gem5 ROI ticks from roi_ticks when present, otherwise sim_ticks."
lua_app,lua_app_medium__poison1,NA,spp_copper_slack,gem5_full_system,gem5 ARM full-system imported summary,152897,1858545,2011442,407.043610,5.070436,research/results/gem5_arm_ubuntu_fs_lua_app/lua_app_medium_summary.csv,"Imported from research/results/gem5_arm_ubuntu_fs_lua_app/lua_app_medium_summary.csv; checksum=0x1087e661; policy=spp_copper_slack; rc=0 for every row in this summary. The cycles field records gem5 ROI ticks from roi_ticks when present, otherwise sim_ticks."
lua_app,lua_app_stress__seed0__poison1,0,no_prefetch,gem5_full_system,gem5 ARM full-system imported summary,716247,0,716247,0.000000,1.000000,research/results/gem5_arm_ubuntu_fs_lua_app/lua_app_stress_summary.csv,"Imported from research/results/gem5_arm_ubuntu_fs_lua_app/lua_app_stress_summary.csv; checksum=0x7c4170c4; policy=none; rc=0 for every row in this summary. The cycles field records gem5 ROI ticks from roi_ticks when present, otherwise sim_ticks."
lua_app,lua_app_stress__seed0__poison1,0,stride,gem5_full_system,gem5 ARM full-system imported summary,522398,288936,811334,13.275728,1.132757,research/results/gem5_arm_ubuntu_fs_lua_app/lua_app_stress_summary.csv,"Imported from research/results/gem5_arm_ubuntu_fs_lua_app/lua_app_stress_summary.csv; checksum=0x7c4170c4; policy=stride; rc=0 for every row in this summary. The cycles field records gem5 ROI ticks from roi_ticks when present, otherwise sim_ticks."
lua_app,lua_app_stress__seed0__poison1,0,naive_dmp,gem5_full_system,gem5 ARM full-system imported summary,682761,183611,866372,20.959948,1.209599,research/results/gem5_arm_ubuntu_fs_lua_app/lua_app_stress_summary.csv,"Imported from research/results/gem5_arm_ubuntu_fs_lua_app/lua_app_stress_summary.csv; checksum=0x7c4170c4; policy=naive; rc=0 for every row in this summary. The cycles field records gem5 ROI ticks from roi_ticks when present, otherwise sim_ticks."
lua_app,lua_app_stress__seed0__poison1,0,copper_clpd64k_peb,gem5_full_system,gem5 ARM full-system imported summary,673615,185704,859319,19.975232,1.199752,research/results/gem5_arm_ubuntu_fs_lua_app/lua_app_stress_summary.csv,"Imported from research/results/gem5_arm_ubuntu_fs_lua_app/lua_app_stress_summary.csv; checksum=0x7c4170c4; policy=copper_clpd64k_peb; rc=0 for every row in this summary. The cycles field records gem5 ROI ticks from roi_ticks when present, otherwise sim_ticks."
lua_app,lua_app_stress__seed0__poison1,0,dcpt,gem5_full_system,gem5 ARM full-system imported summary,352826,4069737,4422563,517.463389,6.174634,research/results/gem5_arm_ubuntu_fs_lua_app/lua_app_stress_summary.csv,"Imported from research/results/gem5_arm_ubuntu_fs_lua_app/lua_app_stress_summary.csv; checksum=0x7c4170c4; policy=dcpt; rc=0 for every row in this summary. The cycles field records gem5 ROI ticks from roi_ticks when present, otherwise sim_ticks."
lua_app,lua_app_stress__seed0__poison1,0,spp,gem5_full_system,gem5 ARM full-system imported summary,273903,3821249,4095152,471.751365,5.717514,research/results/gem5_arm_ubuntu_fs_lua_app/lua_app_stress_summary.csv,"Imported from research/results/gem5_arm_ubuntu_fs_lua_app/lua_app_stress_summary.csv; checksum=0x7c4170c4; policy=spp; rc=0 for every row in this summary. The cycles field records gem5 ROI ticks from roi_ticks when present, otherwise sim_ticks."
lua_app,lua_app_stress__seed0__poison1,0,ampm,gem5_full_system,gem5 ARM full-system imported summary,397866,2696060,3093926,331.963554,4.319636,research/results/gem5_arm_ubuntu_fs_lua_app/lua_app_stress_summary.csv,"Imported from research/results/gem5_arm_ubuntu_fs_lua_app/lua_app_stress_summary.csv; checksum=0x7c4170c4; policy=ampm; rc=0 for every row in this summary. The cycles field records gem5 ROI ticks from roi_ticks when present, otherwise sim_ticks."
lua_app,lua_app_stress__seed0__poison1,0,spp_copper_slack,gem5_full_system,gem5 ARM full-system imported summary,282992,3829031,4112023,474.106837,5.741068,research/results/gem5_arm_ubuntu_fs_lua_app/lua_app_stress_summary.csv,"Imported from research/results/gem5_arm_ubuntu_fs_lua_app/lua_app_stress_summary.csv; checksum=0x7c4170c4; policy=spp_copper_slack; rc=0 for every row in this summary. The cycles field records gem5 ROI ticks from roi_ticks when present, otherwise sim_ticks."
mibench_patricia_app,mibench_patricia_patricia_large12288_seed1__seed1,1,no_prefetch,gem5_full_system,gem5 ARM full-system imported summary,1201292,0,1201292,0.000000,1.000000,research/results/gem5_arm_ubuntu_fs_mibench_patricia_app/mibench_patricia_patricia_large12288_seed1_summary.csv,"Imported from research/results/gem5_arm_ubuntu_fs_mibench_patricia_app/mibench_patricia_patricia_large12288_seed1_summary.csv; checksum=0xe4dc12fd1dcd52b0; policy=none; rc=0 for every row in this summary. The cycles field records gem5 ROI ticks from roi_ticks when present, otherwise sim_ticks."
mibench_patricia_app,mibench_patricia_patricia_large12288_seed1__seed1,1,naive_dmp,gem5_full_system,gem5 ARM full-system imported summary,1062165,187538,1249703,4.029911,1.040299,research/results/gem5_arm_ubuntu_fs_mibench_patricia_app/mibench_patricia_patricia_large12288_seed1_summary.csv,"Imported from research/results/gem5_arm_ubuntu_fs_mibench_patricia_app/mibench_patricia_patricia_large12288_seed1_summary.csv; checksum=0xe4dc12fd1dcd52b0; policy=naive; rc=0 for every row in this summary. The cycles field records gem5 ROI ticks from roi_ticks when present, otherwise sim_ticks."
mibench_patricia_app,mibench_patricia_patricia_large12288_seed1__seed1,1,copper_clpd64k_peb,gem5_full_system,gem5 ARM full-system imported summary,1064120,170570,1234690,2.780173,1.027802,research/results/gem5_arm_ubuntu_fs_mibench_patricia_app/mibench_patricia_patricia_large12288_seed1_summary.csv,"Imported from research/results/gem5_arm_ubuntu_fs_mibench_patricia_app/mibench_patricia_patricia_large12288_seed1_summary.csv; checksum=0xe4dc12fd1dcd52b0; policy=copper_clpd64k_peb; rc=0 for every row in this summary. The cycles field records gem5 ROI ticks from roi_ticks when present, otherwise sim_ticks."
mibench_patricia_app,mibench_patricia_patricia_large12288_seed1__seed1,1,spp,gem5_full_system,gem5 ARM full-system imported summary,671627,2450616,3122243,159.907083,2.599071,research/results/gem5_arm_ubuntu_fs_mibench_patricia_app/mibench_patricia_patricia_large12288_seed1_summary.csv,"Imported from research/results/gem5_arm_ubuntu_fs_mibench_patricia_app/mibench_patricia_patricia_large12288_seed1_summary.csv; checksum=0xe4dc12fd1dcd52b0; policy=spp; rc=0 for every row in this summary. The cycles field records gem5 ROI ticks from roi_ticks when present, otherwise sim_ticks."
mibench_patricia_app,mibench_patricia_patricia_large12288_seed1__seed1,1,spp_copper_slack,gem5_full_system,gem5 ARM full-system imported summary,624340,2511367,3135707,161.027877,2.610279,research/results/gem5_arm_ubuntu_fs_mibench_patricia_app/mibench_patricia_patricia_large12288_seed1_summary.csv,"Imported from research/results/gem5_arm_ubuntu_fs_mibench_patricia_app/mibench_patricia_patricia_large12288_seed1_summary.csv; checksum=0xe4dc12fd1dcd52b0; policy=spp_copper_slack; rc=0 for every row in this summary. The cycles field records gem5 ROI ticks from roi_ticks when present, otherwise sim_ticks."
mibench_patricia_app,mibench_patricia_patricia_large12288__seed0,0,no_prefetch,gem5_full_system,gem5 ARM full-system imported summary,1196911,0,1196911,0.000000,1.000000,research/results/gem5_arm_ubuntu_fs_mibench_patricia_app/mibench_patricia_patricia_large12288_summary.csv,"Imported from research/results/gem5_arm_ubuntu_fs_mibench_patricia_app/mibench_patricia_patricia_large12288_summary.csv; checksum=0x60874357358c1fc4; policy=none; rc=0 for every row in this summary. The cycles field records gem5 ROI ticks from roi_ticks when present, otherwise sim_ticks."
mibench_patricia_app,mibench_patricia_patricia_large12288__seed0,0,naive_dmp,gem5_full_system,gem5 ARM full-system imported summary,1059190,184656,1243846,3.921344,1.039213,research/results/gem5_arm_ubuntu_fs_mibench_patricia_app/mibench_patricia_patricia_large12288_summary.csv,"Imported from research/results/gem5_arm_ubuntu_fs_mibench_patricia_app/mibench_patricia_patricia_large12288_summary.csv; checksum=0x60874357358c1fc4; policy=naive; rc=0 for every row in this summary. The cycles field records gem5 ROI ticks from roi_ticks when present, otherwise sim_ticks."
mibench_patricia_app,mibench_patricia_patricia_large12288__seed0,0,copper_clpd64k_peb,gem5_full_system,gem5 ARM full-system imported summary,1061146,167486,1228632,2.650239,1.026502,research/results/gem5_arm_ubuntu_fs_mibench_patricia_app/mibench_patricia_patricia_large12288_summary.csv,"Imported from research/results/gem5_arm_ubuntu_fs_mibench_patricia_app/mibench_patricia_patricia_large12288_summary.csv; checksum=0x60874357358c1fc4; policy=copper_clpd64k_peb; rc=0 for every row in this summary. The cycles field records gem5 ROI ticks from roi_ticks when present, otherwise sim_ticks."
mibench_patricia_app,mibench_patricia_patricia_large12288__seed0,0,spp,gem5_full_system,gem5 ARM full-system imported summary,673883,2429559,3103442,159.287616,2.592876,research/results/gem5_arm_ubuntu_fs_mibench_patricia_app/mibench_patricia_patricia_large12288_summary.csv,"Imported from research/results/gem5_arm_ubuntu_fs_mibench_patricia_app/mibench_patricia_patricia_large12288_summary.csv; checksum=0x60874357358c1fc4; policy=spp; rc=0 for every row in this summary. The cycles field records gem5 ROI ticks from roi_ticks when present, otherwise sim_ticks."
mibench_patricia_app,mibench_patricia_patricia_large12288__seed0,0,spp_copper_slack,gem5_full_system,gem5 ARM full-system imported summary,625181,2499727,3124908,161.081066,2.610811,research/results/gem5_arm_ubuntu_fs_mibench_patricia_app/mibench_patricia_patricia_large12288_summary.csv,"Imported from research/results/gem5_arm_ubuntu_fs_mibench_patricia_app/mibench_patricia_patricia_large12288_summary.csv; checksum=0x60874357358c1fc4; policy=spp_copper_slack; rc=0 for every row in this summary. The cycles field records gem5 ROI ticks from roi_ticks when present, otherwise sim_ticks."
mibench_patricia_app,mibench_patricia_patricia_preprobe__seed0,0,no_prefetch,gem5_full_system,gem5 ARM full-system imported summary,183984,0,183984,0.000000,1.000000,research/results/gem5_arm_ubuntu_fs_mibench_patricia_app/mibench_patricia_patricia_preprobe_summary.csv,"Imported from research/results/gem5_arm_ubuntu_fs_mibench_patricia_app/mibench_patricia_patricia_preprobe_summary.csv; checksum=0xe9324f49c2b21a34; policy=none; rc=0 for every row in this summary. The cycles field records gem5 ROI ticks from roi_ticks when present, otherwise sim_ticks."
mibench_patricia_app,mibench_patricia_patricia_preprobe__seed0,0,naive_dmp,gem5_full_system,gem5 ARM full-system imported summary,183799,3967,187766,2.055614,1.020556,research/results/gem5_arm_ubuntu_fs_mibench_patricia_app/mibench_patricia_patricia_preprobe_summary.csv,"Imported from research/results/gem5_arm_ubuntu_fs_mibench_patricia_app/mibench_patricia_patricia_preprobe_summary.csv; checksum=0xe9324f49c2b21a34; policy=naive; rc=0 for every row in this summary. The cycles field records gem5 ROI ticks from roi_ticks when present, otherwise sim_ticks."
mibench_patricia_app,mibench_patricia_patricia_preprobe__seed0,0,copper_clpd64k_peb,gem5_full_system,gem5 ARM full-system imported summary,183874,1982,185856,1.017480,1.010175,research/results/gem5_arm_ubuntu_fs_mibench_patricia_app/mibench_patricia_patricia_preprobe_summary.csv,"Imported from research/results/gem5_arm_ubuntu_fs_mibench_patricia_app/mibench_patricia_patricia_preprobe_summary.csv; checksum=0xe9324f49c2b21a34; policy=copper_clpd64k_peb; rc=0 for every row in this summary. The cycles field records gem5 ROI ticks from roi_ticks when present, otherwise sim_ticks."
mibench_patricia_app,mibench_patricia_patricia_preprobe__seed0,0,spp,gem5_full_system,gem5 ARM full-system imported summary,88950,600438,689388,274.699974,3.747000,research/results/gem5_arm_ubuntu_fs_mibench_patricia_app/mibench_patricia_patricia_preprobe_summary.csv,"Imported from research/results/gem5_arm_ubuntu_fs_mibench_patricia_app/mibench_patricia_patricia_preprobe_summary.csv; checksum=0xe9324f49c2b21a34; policy=spp; rc=0 for every row in this summary. The cycles field records gem5 ROI ticks from roi_ticks when present, otherwise sim_ticks."
mibench_patricia_app,mibench_patricia_patricia_preprobe__seed0,0,spp_copper_slack,gem5_full_system,gem5 ARM full-system imported summary,88887,601092,689979,275.021197,3.750212,research/results/gem5_arm_ubuntu_fs_mibench_patricia_app/mibench_patricia_patricia_preprobe_summary.csv,"Imported from research/results/gem5_arm_ubuntu_fs_mibench_patricia_app/mibench_patricia_patricia_preprobe_summary.csv; checksum=0xe9324f49c2b21a34; policy=spp_copper_slack; rc=0 for every row in this summary. The cycles field records gem5 ROI ticks from roi_ticks when present, otherwise sim_ticks."
mibench_patricia_app,mibench_patricia_patricia_small2048__seed0,0,no_prefetch,gem5_full_system,gem5 ARM full-system imported summary,302886,0,302886,0.000000,1.000000,research/results/gem5_arm_ubuntu_fs_mibench_patricia_app/mibench_patricia_patricia_small2048_summary.csv,"Imported from research/results/gem5_arm_ubuntu_fs_mibench_patricia_app/mibench_patricia_patricia_small2048_summary.csv; checksum=0x11f999a2549d757f; policy=none; rc=0 for every row in this summary. The cycles field records gem5 ROI ticks from roi_ticks when present, otherwise sim_ticks."
mibench_patricia_app,mibench_patricia_patricia_small2048__seed0,0,naive_dmp,gem5_full_system,gem5 ARM full-system imported summary,288912,24325,313237,3.417457,1.034175,research/results/gem5_arm_ubuntu_fs_mibench_patricia_app/mibench_patricia_patricia_small2048_summary.csv,"Imported from research/results/gem5_arm_ubuntu_fs_mibench_patricia_app/mibench_patricia_patricia_small2048_summary.csv; checksum=0x11f999a2549d757f; policy=naive; rc=0 for every row in this summary. The cycles field records gem5 ROI ticks from roi_ticks when present, otherwise sim_ticks."
mibench_patricia_app,mibench_patricia_patricia_small2048__seed0,0,copper_clpd64k_peb,gem5_full_system,gem5 ARM full-system imported summary,289122,19952,309074,2.043013,1.020430,research/results/gem5_arm_ubuntu_fs_mibench_patricia_app/mibench_patricia_patricia_small2048_summary.csv,"Imported from research/results/gem5_arm_ubuntu_fs_mibench_patricia_app/mibench_patricia_patricia_small2048_summary.csv; checksum=0x11f999a2549d757f; policy=copper_clpd64k_peb; rc=0 for every row in this summary. The cycles field records gem5 ROI ticks from roi_ticks when present, otherwise sim_ticks."
mibench_patricia_app,mibench_patricia_patricia_small2048__seed0,0,spp,gem5_full_system,gem5 ARM full-system imported summary,165429,805468,970897,220.548655,3.205487,research/results/gem5_arm_ubuntu_fs_mibench_patricia_app/mibench_patricia_patricia_small2048_summary.csv,"Imported from research/results/gem5_arm_ubuntu_fs_mibench_patricia_app/mibench_patricia_patricia_small2048_summary.csv; checksum=0x11f999a2549d757f; policy=spp; rc=0 for every row in this summary. The cycles field records gem5 ROI ticks from roi_ticks when present, otherwise sim_ticks."
mibench_patricia_app,mibench_patricia_patricia_small2048__seed0,0,spp_copper_slack,gem5_full_system,gem5 ARM full-system imported summary,162138,810973,973111,221.279623,3.212796,research/results/gem5_arm_ubuntu_fs_mibench_patricia_app/mibench_patricia_patricia_small2048_summary.csv,"Imported from research/results/gem5_arm_ubuntu_fs_mibench_patricia_app/mibench_patricia_patricia_small2048_summary.csv; checksum=0x11f999a2549d757f; policy=spp_copper_slack; rc=0 for every row in this summary. The cycles field records gem5 ROI ticks from roi_ticks when present, otherwise sim_ticks."
mibench_patricia_app,mibench_patricia_patricia_small8192__seed0,0,no_prefetch,gem5_full_system,gem5 ARM full-system imported summary,808671,0,808671,0.000000,1.000000,research/results/gem5_arm_ubuntu_fs_mibench_patricia_app/mibench_patricia_patricia_small8192_summary.csv,"Imported from research/results/gem5_arm_ubuntu_fs_mibench_patricia_app/mibench_patricia_patricia_small8192_summary.csv; checksum=0xd4f96d52a9711657; policy=none; rc=0 for every row in this summary. The cycles field records gem5 ROI ticks from roi_ticks when present, otherwise sim_ticks."
mibench_patricia_app,mibench_patricia_patricia_small8192__seed0,0,naive_dmp,gem5_full_system,gem5 ARM full-system imported summary,725045,116431,841476,4.056656,1.040567,research/results/gem5_arm_ubuntu_fs_mibench_patricia_app/mibench_patricia_patricia_small8192_summary.csv,"Imported from research/results/gem5_arm_ubuntu_fs_mibench_patricia_app/mibench_patricia_patricia_small8192_summary.csv; checksum=0xd4f96d52a9711657; policy=naive; rc=0 for every row in this summary. The cycles field records gem5 ROI ticks from roi_ticks when present, otherwise sim_ticks."
mibench_patricia_app,mibench_patricia_patricia_small8192__seed0,0,copper_clpd64k_peb,gem5_full_system,gem5 ARM full-system imported summary,725984,104197,830181,2.659920,1.026599,research/results/gem5_arm_ubuntu_fs_mibench_patricia_app/mibench_patricia_patricia_small8192_summary.csv,"Imported from research/results/gem5_arm_ubuntu_fs_mibench_patricia_app/mibench_patricia_patricia_small8192_summary.csv; checksum=0xd4f96d52a9711657; policy=copper_clpd64k_peb; rc=0 for every row in this summary. The cycles field records gem5 ROI ticks from roi_ticks when present, otherwise sim_ticks."
mibench_patricia_app,mibench_patricia_patricia_small8192__seed0,0,spp,gem5_full_system,gem5 ARM full-system imported summary,457216,1699627,2156843,166.714523,2.667145,research/results/gem5_arm_ubuntu_fs_mibench_patricia_app/mibench_patricia_patricia_small8192_summary.csv,"Imported from research/results/gem5_arm_ubuntu_fs_mibench_patricia_app/mibench_patricia_patricia_small8192_summary.csv; checksum=0xd4f96d52a9711657; policy=spp; rc=0 for every row in this summary. The cycles field records gem5 ROI ticks from roi_ticks when present, otherwise sim_ticks."
mibench_patricia_app,mibench_patricia_patricia_small8192__seed0,0,spp_copper_slack,gem5_full_system,gem5 ARM full-system imported summary,428648,1739081,2167729,168.060682,2.680607,research/results/gem5_arm_ubuntu_fs_mibench_patricia_app/mibench_patricia_patricia_small8192_summary.csv,"Imported from research/results/gem5_arm_ubuntu_fs_mibench_patricia_app/mibench_patricia_patricia_small8192_summary.csv; checksum=0xd4f96d52a9711657; policy=spp_copper_slack; rc=0 for every row in this summary. The cycles field records gem5 ROI ticks from roi_ticks when present, otherwise sim_ticks."
ossltlstcp_app,ossltlstcp_tcp_netns_process_scale2__stats_section_index0__seed2__poison1__transporttcp_loopback_netns_proce__strict_tcp1__netns_loopback1,2,no_prefetch,gem5_full_system,gem5 ARM full-system imported summary,258108,0,258108,0.000000,1.000000,research/results/gem5_arm_ubuntu_fs_ossltlstcp_app/ossltlstcp_tcp_netns_process_scale2_summary.csv,"Imported from research/results/gem5_arm_ubuntu_fs_ossltlstcp_app/ossltlstcp_tcp_netns_process_scale2_summary.csv; checksum=0x703cb54ece76864c; policy=none; rc=0 for every row in this summary. The cycles field records gem5 ROI ticks from roi_ticks when present, otherwise sim_ticks."
ossltlstcp_app,ossltlstcp_tcp_netns_process_scale2__stats_section_index0__seed2__poison1__transporttcp_loopback_netns_proce__strict_tcp1__netns_loopback1,2,naive_dmp,gem5_full_system,gem5 ARM full-system imported summary,255644,15809,271453,5.170316,1.051703,research/results/gem5_arm_ubuntu_fs_ossltlstcp_app/ossltlstcp_tcp_netns_process_scale2_summary.csv,"Imported from research/results/gem5_arm_ubuntu_fs_ossltlstcp_app/ossltlstcp_tcp_netns_process_scale2_summary.csv; checksum=0x703cb54ece76864c; policy=naive; rc=0 for every row in this summary. The cycles field records gem5 ROI ticks from roi_ticks when present, otherwise sim_ticks."
ossltlstcp_app,ossltlstcp_tcp_netns_process_scale2__stats_section_index0__seed2__poison1__transporttcp_loopback_netns_proce__strict_tcp1__netns_loopback1,2,copper_clpd64k_peb,gem5_full_system,gem5 ARM full-system imported summary,254936,14551,269487,4.408620,1.044086,research/results/gem5_arm_ubuntu_fs_ossltlstcp_app/ossltlstcp_tcp_netns_process_scale2_summary.csv,"Imported from research/results/gem5_arm_ubuntu_fs_ossltlstcp_app/ossltlstcp_tcp_netns_process_scale2_summary.csv; checksum=0x703cb54ece76864c; policy=copper_clpd64k_peb; rc=0 for every row in this summary. The cycles field records gem5 ROI ticks from roi_ticks when present, otherwise sim_ticks."
ossltlstcp_app,ossltlstcp_tcp_netns_process_scale2__stats_section_index0__seed2__poison1__transporttcp_loopback_netns_proce__strict_tcp1__netns_loopback1,2,spp,gem5_full_system,gem5 ARM full-system imported summary,163330,709759,873089,238.264990,3.382650,research/results/gem5_arm_ubuntu_fs_ossltlstcp_app/ossltlstcp_tcp_netns_process_scale2_summary.csv,"Imported from research/results/gem5_arm_ubuntu_fs_ossltlstcp_app/ossltlstcp_tcp_netns_process_scale2_summary.csv; checksum=0x703cb54ece76864c; policy=spp; rc=0 for every row in this summary. The cycles field records gem5 ROI ticks from roi_ticks when present, otherwise sim_ticks."
ossltlstcp_app,ossltlstcp_tcp_netns_process_scale2__stats_section_index0__seed2__poison1__transporttcp_loopback_netns_proce__strict_tcp1__netns_loopback1,2,spp_copper_slack,gem5_full_system,gem5 ARM full-system imported summary,163345,715847,879192,240.629504,3.406295,research/results/gem5_arm_ubuntu_fs_ossltlstcp_app/ossltlstcp_tcp_netns_process_scale2_summary.csv,"Imported from research/results/gem5_arm_ubuntu_fs_ossltlstcp_app/ossltlstcp_tcp_netns_process_scale2_summary.csv; checksum=0x703cb54ece76864c; policy=spp_copper_slack; rc=0 for every row in this summary. The cycles field records gem5 ROI ticks from roi_ticks when present, otherwise sim_ticks."
ossltlstcp_app,ossltlstcp_tcp_netns_process_scale3__stats_section_index0__seed3__poison1__transporttcp_loopback_netns_proce__strict_tcp1__netns_loopback1,3,no_prefetch,gem5_full_system,gem5 ARM full-system imported summary,489192,0,489192,0.000000,1.000000,research/results/gem5_arm_ubuntu_fs_ossltlstcp_app/ossltlstcp_tcp_netns_process_scale3_summary.csv,"Imported from research/results/gem5_arm_ubuntu_fs_ossltlstcp_app/ossltlstcp_tcp_netns_process_scale3_summary.csv; checksum=0x46e083abee222484; policy=none; rc=0 for every row in this summary. The cycles field records gem5 ROI ticks from roi_ticks when present, otherwise sim_ticks."
ossltlstcp_app,ossltlstcp_tcp_netns_process_scale3__stats_section_index0__seed3__poison1__transporttcp_loopback_netns_proce__strict_tcp1__netns_loopback1,3,naive_dmp,gem5_full_system,gem5 ARM full-system imported summary,485515,31177,516692,5.621515,1.056215,research/results/gem5_arm_ubuntu_fs_ossltlstcp_app/ossltlstcp_tcp_netns_process_scale3_summary.csv,"Imported from research/results/gem5_arm_ubuntu_fs_ossltlstcp_app/ossltlstcp_tcp_netns_process_scale3_summary.csv; checksum=0x46e083abee222484; policy=naive; rc=0 for every row in this summary. The cycles field records gem5 ROI ticks from roi_ticks when present, otherwise sim_ticks."
ossltlstcp_app,ossltlstcp_tcp_netns_process_scale3__stats_section_index0__seed3__poison1__transporttcp_loopback_netns_proce__strict_tcp1__netns_loopback1,3,copper_clpd64k_peb,gem5_full_system,gem5 ARM full-system imported summary,481765,29195,510960,4.449787,1.044498,research/results/gem5_arm_ubuntu_fs_ossltlstcp_app/ossltlstcp_tcp_netns_process_scale3_summary.csv,"Imported from research/results/gem5_arm_ubuntu_fs_ossltlstcp_app/ossltlstcp_tcp_netns_process_scale3_summary.csv; checksum=0x46e083abee222484; policy=copper_clpd64k_peb; rc=0 for every row in this summary. The cycles field records gem5 ROI ticks from roi_ticks when present, otherwise sim_ticks."
ossltlstcp_app,ossltlstcp_tcp_netns_process_scale3__stats_section_index0__seed3__poison1__transporttcp_loopback_netns_proce__strict_tcp1__netns_loopback1,3,spp,gem5_full_system,gem5 ARM full-system imported summary,294257,1484756,1779013,263.663551,3.636636,research/results/gem5_arm_ubuntu_fs_ossltlstcp_app/ossltlstcp_tcp_netns_process_scale3_summary.csv,"Imported from research/results/gem5_arm_ubuntu_fs_ossltlstcp_app/ossltlstcp_tcp_netns_process_scale3_summary.csv; checksum=0x46e083abee222484; policy=spp; rc=0 for every row in this summary. The cycles field records gem5 ROI ticks from roi_ticks when present, otherwise sim_ticks."
ossltlstcp_app,ossltlstcp_tcp_netns_process_scale3__stats_section_index0__seed3__poison1__transporttcp_loopback_netns_proce__strict_tcp1__netns_loopback1,3,spp_copper_slack,gem5_full_system,gem5 ARM full-system imported summary,294099,1487927,1782026,264.279465,3.642795,research/results/gem5_arm_ubuntu_fs_ossltlstcp_app/ossltlstcp_tcp_netns_process_scale3_summary.csv,"Imported from research/results/gem5_arm_ubuntu_fs_ossltlstcp_app/ossltlstcp_tcp_netns_process_scale3_summary.csv; checksum=0x46e083abee222484; policy=spp_copper_slack; rc=0 for every row in this summary. The cycles field records gem5 ROI ticks from roi_ticks when present, otherwise sim_ticks."
pcre2_app,pcre2_pcre2_seed1__seed1__poison1,1,no_prefetch,gem5_full_system,gem5 ARM full-system imported summary,172719,0,172719,0.000000,1.000000,research/results/gem5_arm_ubuntu_fs_pcre2_app/pcre2_pcre2_seed1_summary.csv,"Imported from research/results/gem5_arm_ubuntu_fs_pcre2_app/pcre2_pcre2_seed1_summary.csv; checksum=0xfc469fc668f4c38c; policy=none; rc=0 for every row in this summary. The cycles field records gem5 ROI ticks from roi_ticks when present, otherwise sim_ticks."
pcre2_app,pcre2_pcre2_seed1__seed1__poison1,1,naive_dmp,gem5_full_system,gem5 ARM full-system imported summary,172465,5976,178441,3.312896,1.033129,research/results/gem5_arm_ubuntu_fs_pcre2_app/pcre2_pcre2_seed1_summary.csv,"Imported from research/results/gem5_arm_ubuntu_fs_pcre2_app/pcre2_pcre2_seed1_summary.csv; checksum=0xfc469fc668f4c38c; policy=naive; rc=0 for every row in this summary. The cycles field records gem5 ROI ticks from roi_ticks when present, otherwise sim_ticks."
pcre2_app,pcre2_pcre2_seed1__seed1__poison1,1,copper_clpd64k_peb,gem5_full_system,gem5 ARM full-system imported summary,172394,4364,176758,2.338480,1.023385,research/results/gem5_arm_ubuntu_fs_pcre2_app/pcre2_pcre2_seed1_summary.csv,"Imported from research/results/gem5_arm_ubuntu_fs_pcre2_app/pcre2_pcre2_seed1_summary.csv; checksum=0xfc469fc668f4c38c; policy=copper_clpd64k_peb; rc=0 for every row in this summary. The cycles field records gem5 ROI ticks from roi_ticks when present, otherwise sim_ticks."
pcre2_app,pcre2_pcre2_seed1__seed1__poison1,1,spp,gem5_full_system,gem5 ARM full-system imported summary,74597,725600,800197,363.294137,4.632941,research/results/gem5_arm_ubuntu_fs_pcre2_app/pcre2_pcre2_seed1_summary.csv,"Imported from research/results/gem5_arm_ubuntu_fs_pcre2_app/pcre2_pcre2_seed1_summary.csv; checksum=0xfc469fc668f4c38c; policy=spp; rc=0 for every row in this summary. The cycles field records gem5 ROI ticks from roi_ticks when present, otherwise sim_ticks."
pcre2_app,pcre2_pcre2_seed1__seed1__poison1,1,spp_copper_slack,gem5_full_system,gem5 ARM full-system imported summary,74482,709731,784213,354.039799,4.540398,research/results/gem5_arm_ubuntu_fs_pcre2_app/pcre2_pcre2_seed1_summary.csv,"Imported from research/results/gem5_arm_ubuntu_fs_pcre2_app/pcre2_pcre2_seed1_summary.csv; checksum=0xfc469fc668f4c38c; policy=spp_copper_slack; rc=0 for every row in this summary. The cycles field records gem5 ROI ticks from roi_ticks when present, otherwise sim_ticks."
pcre2_app,pcre2_pcre2_smoke__seed0__poison1,0,no_prefetch,gem5_full_system,gem5 ARM full-system imported summary,174440,0,174440,0.000000,1.000000,research/results/gem5_arm_ubuntu_fs_pcre2_app/pcre2_pcre2_smoke_summary.csv,"Imported from research/results/gem5_arm_ubuntu_fs_pcre2_app/pcre2_pcre2_smoke_summary.csv; checksum=0x70905e0adac9ac17; policy=none; rc=0 for every row in this summary. The cycles field records gem5 ROI ticks from roi_ticks when present, otherwise sim_ticks."
pcre2_app,pcre2_pcre2_smoke__seed0__poison1,0,naive_dmp,gem5_full_system,gem5 ARM full-system imported summary,174263,6575,180838,3.667737,1.036677,research/results/gem5_arm_ubuntu_fs_pcre2_app/pcre2_pcre2_smoke_summary.csv,"Imported from research/results/gem5_arm_ubuntu_fs_pcre2_app/pcre2_pcre2_smoke_summary.csv; checksum=0x70905e0adac9ac17; policy=naive; rc=0 for every row in this summary. The cycles field records gem5 ROI ticks from roi_ticks when present, otherwise sim_ticks."
pcre2_app,pcre2_pcre2_smoke__seed0__poison1,0,copper_clpd64k_peb,gem5_full_system,gem5 ARM full-system imported summary,174379,5296,179675,3.001032,1.030010,research/results/gem5_arm_ubuntu_fs_pcre2_app/pcre2_pcre2_smoke_summary.csv,"Imported from research/results/gem5_arm_ubuntu_fs_pcre2_app/pcre2_pcre2_smoke_summary.csv; checksum=0x70905e0adac9ac17; policy=copper_clpd64k_peb; rc=0 for every row in this summary. The cycles field records gem5 ROI ticks from roi_ticks when present, otherwise sim_ticks."
pcre2_app,pcre2_pcre2_smoke__seed0__poison1,0,spp,gem5_full_system,gem5 ARM full-system imported summary,74542,772809,847351,385.754987,4.857550,research/results/gem5_arm_ubuntu_fs_pcre2_app/pcre2_pcre2_smoke_summary.csv,"Imported from research/results/gem5_arm_ubuntu_fs_pcre2_app/pcre2_pcre2_smoke_summary.csv; checksum=0x70905e0adac9ac17; policy=spp; rc=0 for every row in this summary. The cycles field records gem5 ROI ticks from roi_ticks when present, otherwise sim_ticks."
pcre2_app,pcre2_pcre2_smoke__seed0__poison1,0,spp_copper_slack,gem5_full_system,gem5 ARM full-system imported summary,74241,767484,841725,382.529810,4.825298,research/results/gem5_arm_ubuntu_fs_pcre2_app/pcre2_pcre2_smoke_summary.csv,"Imported from research/results/gem5_arm_ubuntu_fs_pcre2_app/pcre2_pcre2_smoke_summary.csv; checksum=0x70905e0adac9ac17; policy=spp_copper_slack; rc=0 for every row in this summary. The cycles field records gem5 ROI ticks from roi_ticks when present, otherwise sim_ticks."
sqlite_app,sqlite_app_medium__poison1,NA,no_prefetch,gem5_full_system,gem5 ARM full-system imported summary,563217,0,563217,0.000000,1.000000,research/results/gem5_arm_ubuntu_fs_sqlite_app/sqlite_app_medium_summary.csv,"Imported from research/results/gem5_arm_ubuntu_fs_sqlite_app/sqlite_app_medium_summary.csv; checksum=0x6f120768e4acf50e; policy=none; rc=0 for every row in this summary. The cycles field records gem5 ROI ticks from roi_ticks when present, otherwise sim_ticks."
sqlite_app,sqlite_app_medium__poison1,NA,stride,gem5_full_system,gem5 ARM full-system imported summary,535418,56415,591833,5.080813,1.050808,research/results/gem5_arm_ubuntu_fs_sqlite_app/sqlite_app_medium_summary.csv,"Imported from research/results/gem5_arm_ubuntu_fs_sqlite_app/sqlite_app_medium_summary.csv; checksum=0x6f120768e4acf50e; policy=stride; rc=0 for every row in this summary. The cycles field records gem5 ROI ticks from roi_ticks when present, otherwise sim_ticks."
sqlite_app,sqlite_app_medium__poison1,NA,naive_dmp,gem5_full_system,gem5 ARM full-system imported summary,560830,42507,603337,7.123365,1.071234,research/results/gem5_arm_ubuntu_fs_sqlite_app/sqlite_app_medium_summary.csv,"Imported from research/results/gem5_arm_ubuntu_fs_sqlite_app/sqlite_app_medium_summary.csv; checksum=0x6f120768e4acf50e; policy=naive; rc=0 for every row in this summary. The cycles field records gem5 ROI ticks from roi_ticks when present, otherwise sim_ticks."
sqlite_app,sqlite_app_medium__poison1,NA,copper_clpd64k_peb,gem5_full_system,gem5 ARM full-system imported summary,560745,46041,606786,7.735740,1.077357,research/results/gem5_arm_ubuntu_fs_sqlite_app/sqlite_app_medium_summary.csv,"Imported from research/results/gem5_arm_ubuntu_fs_sqlite_app/sqlite_app_medium_summary.csv; checksum=0x6f120768e4acf50e; policy=copper_clpd64k_peb; rc=0 for every row in this summary. The cycles field records gem5 ROI ticks from roi_ticks when present, otherwise sim_ticks."
sqlite_app,sqlite_app_medium__poison1,NA,dcpt,gem5_full_system,gem5 ARM full-system imported summary,523387,713882,1237269,119.678916,2.196789,research/results/gem5_arm_ubuntu_fs_sqlite_app/sqlite_app_medium_summary.csv,"Imported from research/results/gem5_arm_ubuntu_fs_sqlite_app/sqlite_app_medium_summary.csv; checksum=0x6f120768e4acf50e; policy=dcpt; rc=0 for every row in this summary. The cycles field records gem5 ROI ticks from roi_ticks when present, otherwise sim_ticks."
sqlite_app,sqlite_app_medium__poison1,NA,spp,gem5_full_system,gem5 ARM full-system imported summary,425168,1177907,1603075,184.628305,2.846283,research/results/gem5_arm_ubuntu_fs_sqlite_app/sqlite_app_medium_summary.csv,"Imported from research/results/gem5_arm_ubuntu_fs_sqlite_app/sqlite_app_medium_summary.csv; checksum=0x6f120768e4acf50e; policy=spp; rc=0 for every row in this summary. The cycles field records gem5 ROI ticks from roi_ticks when present, otherwise sim_ticks."
sqlite_app,sqlite_app_medium__poison1,NA,ampm,gem5_full_system,gem5 ARM full-system imported summary,612082,2333124,2945206,422.925622,5.229256,research/results/gem5_arm_ubuntu_fs_sqlite_app/sqlite_app_medium_summary.csv,"Imported from research/results/gem5_arm_ubuntu_fs_sqlite_app/sqlite_app_medium_summary.csv; checksum=0x6f120768e4acf50e; policy=ampm; rc=0 for every row in this summary. The cycles field records gem5 ROI ticks from roi_ticks when present, otherwise sim_ticks."
sqlite_app,sqlite_app_medium__poison1,NA,spp_copper_slack,gem5_full_system,gem5 ARM full-system imported summary,425977,1214598,1640575,191.286485,2.912865,research/results/gem5_arm_ubuntu_fs_sqlite_app/sqlite_app_medium_summary.csv,"Imported from research/results/gem5_arm_ubuntu_fs_sqlite_app/sqlite_app_medium_summary.csv; checksum=0x6f120768e4acf50e; policy=spp_copper_slack; rc=0 for every row in this summary. The cycles field records gem5 ROI ticks from roi_ticks when present, otherwise sim_ticks."
sqlite_app,sqlite_app_stress__poison1,NA,no_prefetch,gem5_full_system,gem5 ARM full-system imported summary,1120412,0,1120412,0.000000,1.000000,research/results/gem5_arm_ubuntu_fs_sqlite_app/sqlite_app_stress_summary.csv,"Imported from research/results/gem5_arm_ubuntu_fs_sqlite_app/sqlite_app_stress_summary.csv; checksum=0xc91843372c7ddc37; policy=none; rc=0 for every row in this summary. The cycles field records gem5 ROI ticks from roi_ticks when present, otherwise sim_ticks."
sqlite_app,sqlite_app_stress__poison1,NA,stride,gem5_full_system,gem5 ARM full-system imported summary,1077000,87216,1164216,3.909633,1.039096,research/results/gem5_arm_ubuntu_fs_sqlite_app/sqlite_app_stress_summary.csv,"Imported from research/results/gem5_arm_ubuntu_fs_sqlite_app/sqlite_app_stress_summary.csv; checksum=0xc91843372c7ddc37; policy=stride; rc=0 for every row in this summary. The cycles field records gem5 ROI ticks from roi_ticks when present, otherwise sim_ticks."
sqlite_app,sqlite_app_stress__poison1,NA,naive_dmp,gem5_full_system,gem5 ARM full-system imported summary,1119261,102184,1221445,9.017486,1.090175,research/results/gem5_arm_ubuntu_fs_sqlite_app/sqlite_app_stress_summary.csv,"Imported from research/results/gem5_arm_ubuntu_fs_sqlite_app/sqlite_app_stress_summary.csv; checksum=0xc91843372c7ddc37; policy=naive; rc=0 for every row in this summary. The cycles field records gem5 ROI ticks from roi_ticks when present, otherwise sim_ticks."
sqlite_app,sqlite_app_stress__poison1,NA,copper_clpd64k_peb,gem5_full_system,gem5 ARM full-system imported summary,1118376,109163,1227539,9.561393,1.095614,research/results/gem5_arm_ubuntu_fs_sqlite_app/sqlite_app_stress_summary.csv,"Imported from research/results/gem5_arm_ubuntu_fs_sqlite_app/sqlite_app_stress_summary.csv; checksum=0xc91843372c7ddc37; policy=copper_clpd64k_peb; rc=0 for every row in this summary. The cycles field records gem5 ROI ticks from roi_ticks when present, otherwise sim_ticks."
sqlite_app,sqlite_app_stress__poison1,NA,dcpt,gem5_full_system,gem5 ARM full-system imported summary,1065048,1216940,2281988,103.674006,2.036740,research/results/gem5_arm_ubuntu_fs_sqlite_app/sqlite_app_stress_summary.csv,"Imported from research/results/gem5_arm_ubuntu_fs_sqlite_app/sqlite_app_stress_summary.csv; checksum=0xc91843372c7ddc37; policy=dcpt; rc=0 for every row in this summary. The cycles field records gem5 ROI ticks from roi_ticks when present, otherwise sim_ticks."
sqlite_app,sqlite_app_stress__poison1,NA,spp,gem5_full_system,gem5 ARM full-system imported summary,865108,2317251,3182359,184.034712,2.840347,research/results/gem5_arm_ubuntu_fs_sqlite_app/sqlite_app_stress_summary.csv,"Imported from research/results/gem5_arm_ubuntu_fs_sqlite_app/sqlite_app_stress_summary.csv; checksum=0xc91843372c7ddc37; policy=spp; rc=0 for every row in this summary. The cycles field records gem5 ROI ticks from roi_ticks when present, otherwise sim_ticks."
sqlite_app,sqlite_app_stress__poison1,NA,ampm,gem5_full_system,gem5 ARM full-system imported summary,1175904,3624320,4800224,328.433826,4.284338,research/results/gem5_arm_ubuntu_fs_sqlite_app/sqlite_app_stress_summary.csv,"Imported from research/results/gem5_arm_ubuntu_fs_sqlite_app/sqlite_app_stress_summary.csv; checksum=0xc91843372c7ddc37; policy=ampm; rc=0 for every row in this summary. The cycles field records gem5 ROI ticks from roi_ticks when present, otherwise sim_ticks."
sqlite_app,sqlite_app_stress__poison1,NA,spp_copper_slack,gem5_full_system,gem5 ARM full-system imported summary,872534,2426579,3299113,194.455343,2.944553,research/results/gem5_arm_ubuntu_fs_sqlite_app/sqlite_app_stress_summary.csv,"Imported from research/results/gem5_arm_ubuntu_fs_sqlite_app/sqlite_app_stress_summary.csv; checksum=0xc91843372c7ddc37; policy=spp_copper_slack; rc=0 for every row in this summary. The cycles field records gem5 ROI ticks from roi_ticks when present, otherwise sim_ticks."
yyjson_app,yyjson_app_medium__seed2__poison1,2,no_prefetch,gem5_full_system,gem5 ARM full-system imported summary,139407,0,139407,0.000000,1.000000,research/results/gem5_arm_ubuntu_fs_yyjson_app/yyjson_app_medium_summary.csv,"Imported from research/results/gem5_arm_ubuntu_fs_yyjson_app/yyjson_app_medium_summary.csv; checksum=0x5913918638a88fc6; policy=none; rc=0 for every row in this summary. The cycles field records gem5 ROI ticks from roi_ticks when present, otherwise sim_ticks."
yyjson_app,yyjson_app_medium__seed2__poison1,2,stride,gem5_full_system,gem5 ARM full-system imported summary,107212,54119,161331,15.726613,1.157266,research/results/gem5_arm_ubuntu_fs_yyjson_app/yyjson_app_medium_summary.csv,"Imported from research/results/gem5_arm_ubuntu_fs_yyjson_app/yyjson_app_medium_summary.csv; checksum=0x5913918638a88fc6; policy=stride; rc=0 for every row in this summary. The cycles field records gem5 ROI ticks from roi_ticks when present, otherwise sim_ticks."
yyjson_app,yyjson_app_medium__seed2__poison1,2,naive_dmp,gem5_full_system,gem5 ARM full-system imported summary,138449,8026,146475,5.070047,1.050700,research/results/gem5_arm_ubuntu_fs_yyjson_app/yyjson_app_medium_summary.csv,"Imported from research/results/gem5_arm_ubuntu_fs_yyjson_app/yyjson_app_medium_summary.csv; checksum=0x5913918638a88fc6; policy=naive; rc=0 for every row in this summary. The cycles field records gem5 ROI ticks from roi_ticks when present, otherwise sim_ticks."
yyjson_app,yyjson_app_medium__seed2__poison1,2,copper_clpd64k_peb,gem5_full_system,gem5 ARM full-system imported summary,138486,6856,145342,4.257318,1.042573,research/results/gem5_arm_ubuntu_fs_yyjson_app/yyjson_app_medium_summary.csv,"Imported from research/results/gem5_arm_ubuntu_fs_yyjson_app/yyjson_app_medium_summary.csv; checksum=0x5913918638a88fc6; policy=copper_clpd64k_peb; rc=0 for every row in this summary. The cycles field records gem5 ROI ticks from roi_ticks when present, otherwise sim_ticks."
yyjson_app,yyjson_app_medium__seed2__poison1,2,dcpt,gem5_full_system,gem5 ARM full-system imported summary,92509,477933,570442,309.191791,4.091918,research/results/gem5_arm_ubuntu_fs_yyjson_app/yyjson_app_medium_summary.csv,"Imported from research/results/gem5_arm_ubuntu_fs_yyjson_app/yyjson_app_medium_summary.csv; checksum=0x5913918638a88fc6; policy=dcpt; rc=0 for every row in this summary. The cycles field records gem5 ROI ticks from roi_ticks when present, otherwise sim_ticks."
yyjson_app,yyjson_app_medium__seed2__poison1,2,spp,gem5_full_system,gem5 ARM full-system imported summary,61852,665653,727505,421.856865,5.218569,research/results/gem5_arm_ubuntu_fs_yyjson_app/yyjson_app_medium_summary.csv,"Imported from research/results/gem5_arm_ubuntu_fs_yyjson_app/yyjson_app_medium_summary.csv; checksum=0x5913918638a88fc6; policy=spp; rc=0 for every row in this summary. The cycles field records gem5 ROI ticks from roi_ticks when present, otherwise sim_ticks."
yyjson_app,yyjson_app_medium__seed2__poison1,2,ampm,gem5_full_system,gem5 ARM full-system imported summary,83556,925445,1009001,623.780728,7.237807,research/results/gem5_arm_ubuntu_fs_yyjson_app/yyjson_app_medium_summary.csv,"Imported from research/results/gem5_arm_ubuntu_fs_yyjson_app/yyjson_app_medium_summary.csv; checksum=0x5913918638a88fc6; policy=ampm; rc=0 for every row in this summary. The cycles field records gem5 ROI ticks from roi_ticks when present, otherwise sim_ticks."
yyjson_app,yyjson_app_medium__seed2__poison1,2,spp_copper_slack,gem5_full_system,gem5 ARM full-system imported summary,61958,657957,719915,416.412375,5.164124,research/results/gem5_arm_ubuntu_fs_yyjson_app/yyjson_app_medium_summary.csv,"Imported from research/results/gem5_arm_ubuntu_fs_yyjson_app/yyjson_app_medium_summary.csv; checksum=0x5913918638a88fc6; policy=spp_copper_slack; rc=0 for every row in this summary. The cycles field records gem5 ROI ticks from roi_ticks when present, otherwise sim_ticks."
yyjson_app,yyjson_app_stress__seed2__poison1,2,no_prefetch,gem5_full_system,gem5 ARM full-system imported summary,218987,0,218987,0.000000,1.000000,research/results/gem5_arm_ubuntu_fs_yyjson_app/yyjson_app_stress_summary.csv,"Imported from research/results/gem5_arm_ubuntu_fs_yyjson_app/yyjson_app_stress_summary.csv; checksum=0xa79b34679333f240; policy=none; rc=0 for every row in this summary. The cycles field records gem5 ROI ticks from roi_ticks when present, otherwise sim_ticks."
yyjson_app,yyjson_app_stress__seed2__poison1,2,stride,gem5_full_system,gem5 ARM full-system imported summary,166943,83107,250050,14.184860,1.141849,research/results/gem5_arm_ubuntu_fs_yyjson_app/yyjson_app_stress_summary.csv,"Imported from research/results/gem5_arm_ubuntu_fs_yyjson_app/yyjson_app_stress_summary.csv; checksum=0xa79b34679333f240; policy=stride; rc=0 for every row in this summary. The cycles field records gem5 ROI ticks from roi_ticks when present, otherwise sim_ticks."
yyjson_app,yyjson_app_stress__seed2__poison1,2,naive_dmp,gem5_full_system,gem5 ARM full-system imported summary,216838,15232,232070,5.974327,1.059743,research/results/gem5_arm_ubuntu_fs_yyjson_app/yyjson_app_stress_summary.csv,"Imported from research/results/gem5_arm_ubuntu_fs_yyjson_app/yyjson_app_stress_summary.csv; checksum=0xa79b34679333f240; policy=naive; rc=0 for every row in this summary. The cycles field records gem5 ROI ticks from roi_ticks when present, otherwise sim_ticks."
yyjson_app,yyjson_app_stress__seed2__poison1,2,copper_clpd64k_peb,gem5_full_system,gem5 ARM full-system imported summary,216903,12992,229895,4.981118,1.049811,research/results/gem5_arm_ubuntu_fs_yyjson_app/yyjson_app_stress_summary.csv,"Imported from research/results/gem5_arm_ubuntu_fs_yyjson_app/yyjson_app_stress_summary.csv; checksum=0xa79b34679333f240; policy=copper_clpd64k_peb; rc=0 for every row in this summary. The cycles field records gem5 ROI ticks from roi_ticks when present, otherwise sim_ticks."
yyjson_app,yyjson_app_stress__seed2__poison1,2,dcpt,gem5_full_system,gem5 ARM full-system imported summary,144599,706857,851456,288.815774,3.888158,research/results/gem5_arm_ubuntu_fs_yyjson_app/yyjson_app_stress_summary.csv,"Imported from research/results/gem5_arm_ubuntu_fs_yyjson_app/yyjson_app_stress_summary.csv; checksum=0xa79b34679333f240; policy=dcpt; rc=0 for every row in this summary. The cycles field records gem5 ROI ticks from roi_ticks when present, otherwise sim_ticks."
yyjson_app,yyjson_app_stress__seed2__poison1,2,spp,gem5_full_system,gem5 ARM full-system imported summary,86372,1131291,1217663,456.043509,5.560435,research/results/gem5_arm_ubuntu_fs_yyjson_app/yyjson_app_stress_summary.csv,"Imported from research/results/gem5_arm_ubuntu_fs_yyjson_app/yyjson_app_stress_summary.csv; checksum=0xa79b34679333f240; policy=spp; rc=0 for every row in this summary. The cycles field records gem5 ROI ticks from roi_ticks when present, otherwise sim_ticks."
yyjson_app,yyjson_app_stress__seed2__poison1,2,ampm,gem5_full_system,gem5 ARM full-system imported summary,129234,1498025,1627259,643.084749,7.430847,research/results/gem5_arm_ubuntu_fs_yyjson_app/yyjson_app_stress_summary.csv,"Imported from research/results/gem5_arm_ubuntu_fs_yyjson_app/yyjson_app_stress_summary.csv; checksum=0xa79b34679333f240; policy=ampm; rc=0 for every row in this summary. The cycles field records gem5 ROI ticks from roi_ticks when present, otherwise sim_ticks."
yyjson_app,yyjson_app_stress__seed2__poison1,2,spp_copper_slack,gem5_full_system,gem5 ARM full-system imported summary,85984,1137790,1223774,458.834086,5.588341,research/results/gem5_arm_ubuntu_fs_yyjson_app/yyjson_app_stress_summary.csv,"Imported from research/results/gem5_arm_ubuntu_fs_yyjson_app/yyjson_app_stress_summary.csv; checksum=0xa79b34679333f240; policy=spp_copper_slack; rc=0 for every row in this summary. The cycles field records gem5 ROI ticks from roi_ticks when present, otherwise sim_ticks."
zlib_app,zlib_codex_raw_zlib_tiny_seed12__seed12,12,no_prefetch,gem5_full_system,gem5 ARM full-system imported summary,114800,0,114800,0.000000,1.000000,research/results/gem5_arm_ubuntu_fs_zlib_app/zlib_codex_raw_zlib_tiny_seed12_summary.csv,"Imported from research/results/gem5_arm_ubuntu_fs_zlib_app/zlib_codex_raw_zlib_tiny_seed12_summary.csv; checksum=0x4f26c4a660462fc1; policy=none; rc=0 for every row in this summary. The cycles field records gem5 ROI ticks from roi_ticks when present, otherwise sim_ticks."
zlib_app,zlib_codex_raw_zlib_tiny_seed12__seed12,12,stride,gem5_full_system,gem5 ARM full-system imported summary,73404,43004,116408,1.400697,1.014007,research/results/gem5_arm_ubuntu_fs_zlib_app/zlib_codex_raw_zlib_tiny_seed12_summary.csv,"Imported from research/results/gem5_arm_ubuntu_fs_zlib_app/zlib_codex_raw_zlib_tiny_seed12_summary.csv; checksum=0x4f26c4a660462fc1; policy=stride; rc=0 for every row in this summary. The cycles field records gem5 ROI ticks from roi_ticks when present, otherwise sim_ticks."
zlib_app,zlib_codex_raw_zlib_tiny_seed12__seed12,12,naive_dmp,gem5_full_system,gem5 ARM full-system imported summary,114789,2109,116898,1.827526,1.018275,research/results/gem5_arm_ubuntu_fs_zlib_app/zlib_codex_raw_zlib_tiny_seed12_summary.csv,"Imported from research/results/gem5_arm_ubuntu_fs_zlib_app/zlib_codex_raw_zlib_tiny_seed12_summary.csv; checksum=0x4f26c4a660462fc1; policy=naive; rc=0 for every row in this summary. The cycles field records gem5 ROI ticks from roi_ticks when present, otherwise sim_ticks."
zlib_app,zlib_codex_raw_zlib_tiny_seed12__seed12,12,copper_clpd64k_peb,gem5_full_system,gem5 ARM full-system imported summary,114767,1073,115840,0.905923,1.009059,research/results/gem5_arm_ubuntu_fs_zlib_app/zlib_codex_raw_zlib_tiny_seed12_summary.csv,"Imported from research/results/gem5_arm_ubuntu_fs_zlib_app/zlib_codex_raw_zlib_tiny_seed12_summary.csv; checksum=0x4f26c4a660462fc1; policy=copper_clpd64k_peb; rc=0 for every row in this summary. The cycles field records gem5 ROI ticks from roi_ticks when present, otherwise sim_ticks."
zlib_app,zlib_codex_raw_zlib_tiny_seed12__seed12,12,dcpt,gem5_full_system,gem5 ARM full-system imported summary,70811,426857,497668,333.508711,4.335087,research/results/gem5_arm_ubuntu_fs_zlib_app/zlib_codex_raw_zlib_tiny_seed12_summary.csv,"Imported from research/results/gem5_arm_ubuntu_fs_zlib_app/zlib_codex_raw_zlib_tiny_seed12_summary.csv; checksum=0x4f26c4a660462fc1; policy=dcpt; rc=0 for every row in this summary. The cycles field records gem5 ROI ticks from roi_ticks when present, otherwise sim_ticks."
zlib_app,zlib_codex_raw_zlib_tiny_seed12__seed12,12,spp,gem5_full_system,gem5 ARM full-system imported summary,57180,360678,417858,263.987805,3.639878,research/results/gem5_arm_ubuntu_fs_zlib_app/zlib_codex_raw_zlib_tiny_seed12_summary.csv,"Imported from research/results/gem5_arm_ubuntu_fs_zlib_app/zlib_codex_raw_zlib_tiny_seed12_summary.csv; checksum=0x4f26c4a660462fc1; policy=spp; rc=0 for every row in this summary. The cycles field records gem5 ROI ticks from roi_ticks when present, otherwise sim_ticks."
zlib_app,zlib_codex_raw_zlib_tiny_seed12__seed12,12,ampm,gem5_full_system,gem5 ARM full-system imported summary,68969,507601,576570,402.238676,5.022387,research/results/gem5_arm_ubuntu_fs_zlib_app/zlib_codex_raw_zlib_tiny_seed12_summary.csv,"Imported from research/results/gem5_arm_ubuntu_fs_zlib_app/zlib_codex_raw_zlib_tiny_seed12_summary.csv; checksum=0x4f26c4a660462fc1; policy=ampm; rc=0 for every row in this summary. The cycles field records gem5 ROI ticks from roi_ticks when present, otherwise sim_ticks."
zlib_app,zlib_codex_raw_zlib_tiny_seed12__seed12,12,spp_copper_slack,gem5_full_system,gem5 ARM full-system imported summary,57173,362728,419901,265.767422,3.657674,research/results/gem5_arm_ubuntu_fs_zlib_app/zlib_codex_raw_zlib_tiny_seed12_summary.csv,"Imported from research/results/gem5_arm_ubuntu_fs_zlib_app/zlib_codex_raw_zlib_tiny_seed12_summary.csv; checksum=0x4f26c4a660462fc1; policy=spp_copper_slack; rc=0 for every row in this summary. The cycles field records gem5 ROI ticks from roi_ticks when present, otherwise sim_ticks."
zlib_app,zlib_codex_raw_zlib_tiny__seed11,11,no_prefetch,gem5_full_system,gem5 ARM full-system imported summary,114832,0,114832,0.000000,1.000000,research/results/gem5_arm_ubuntu_fs_zlib_app/zlib_codex_raw_zlib_tiny_summary.csv,"Imported from research/results/gem5_arm_ubuntu_fs_zlib_app/zlib_codex_raw_zlib_tiny_summary.csv; checksum=0x7dbec8e3fca9fb9b; policy=none; rc=0 for every row in this summary. The cycles field records gem5 ROI ticks from roi_ticks when present, otherwise sim_ticks."
zlib_app,zlib_codex_raw_zlib_tiny__seed11,11,stride,gem5_full_system,gem5 ARM full-system imported summary,73422,43033,116455,1.413369,1.014134,research/results/gem5_arm_ubuntu_fs_zlib_app/zlib_codex_raw_zlib_tiny_summary.csv,"Imported from research/results/gem5_arm_ubuntu_fs_zlib_app/zlib_codex_raw_zlib_tiny_summary.csv; checksum=0x7dbec8e3fca9fb9b; policy=stride; rc=0 for every row in this summary. The cycles field records gem5 ROI ticks from roi_ticks when present, otherwise sim_ticks."
zlib_app,zlib_codex_raw_zlib_tiny__seed11,11,naive_dmp,gem5_full_system,gem5 ARM full-system imported summary,114806,2108,116914,1.813083,1.018131,research/results/gem5_arm_ubuntu_fs_zlib_app/zlib_codex_raw_zlib_tiny_summary.csv,"Imported from research/results/gem5_arm_ubuntu_fs_zlib_app/zlib_codex_raw_zlib_tiny_summary.csv; checksum=0x7dbec8e3fca9fb9b; policy=naive; rc=0 for every row in this summary. The cycles field records gem5 ROI ticks from roi_ticks when present, otherwise sim_ticks."
zlib_app,zlib_codex_raw_zlib_tiny__seed11,11,copper_clpd64k_peb,gem5_full_system,gem5 ARM full-system imported summary,114777,1075,115852,0.888254,1.008883,research/results/gem5_arm_ubuntu_fs_zlib_app/zlib_codex_raw_zlib_tiny_summary.csv,"Imported from research/results/gem5_arm_ubuntu_fs_zlib_app/zlib_codex_raw_zlib_tiny_summary.csv; checksum=0x7dbec8e3fca9fb9b; policy=copper_clpd64k_peb; rc=0 for every row in this summary. The cycles field records gem5 ROI ticks from roi_ticks when present, otherwise sim_ticks."
zlib_app,zlib_codex_raw_zlib_tiny__seed11,11,dcpt,gem5_full_system,gem5 ARM full-system imported summary,70845,426584,497429,333.179776,4.331798,research/results/gem5_arm_ubuntu_fs_zlib_app/zlib_codex_raw_zlib_tiny_summary.csv,"Imported from research/results/gem5_arm_ubuntu_fs_zlib_app/zlib_codex_raw_zlib_tiny_summary.csv; checksum=0x7dbec8e3fca9fb9b; policy=dcpt; rc=0 for every row in this summary. The cycles field records gem5 ROI ticks from roi_ticks when present, otherwise sim_ticks."
zlib_app,zlib_codex_raw_zlib_tiny__seed11,11,spp,gem5_full_system,gem5 ARM full-system imported summary,57202,359965,417167,263.284624,3.632846,research/results/gem5_arm_ubuntu_fs_zlib_app/zlib_codex_raw_zlib_tiny_summary.csv,"Imported from research/results/gem5_arm_ubuntu_fs_zlib_app/zlib_codex_raw_zlib_tiny_summary.csv; checksum=0x7dbec8e3fca9fb9b; policy=spp; rc=0 for every row in this summary. The cycles field records gem5 ROI ticks from roi_ticks when present, otherwise sim_ticks."
zlib_app,zlib_codex_raw_zlib_tiny__seed11,11,ampm,gem5_full_system,gem5 ARM full-system imported summary,68983,510502,579485,404.637209,5.046372,research/results/gem5_arm_ubuntu_fs_zlib_app/zlib_codex_raw_zlib_tiny_summary.csv,"Imported from research/results/gem5_arm_ubuntu_fs_zlib_app/zlib_codex_raw_zlib_tiny_summary.csv; checksum=0x7dbec8e3fca9fb9b; policy=ampm; rc=0 for every row in this summary. The cycles field records gem5 ROI ticks from roi_ticks when present, otherwise sim_ticks."
zlib_app,zlib_codex_raw_zlib_tiny__seed11,11,spp_copper_slack,gem5_full_system,gem5 ARM full-system imported summary,57180,360740,417920,263.940365,3.639404,research/results/gem5_arm_ubuntu_fs_zlib_app/zlib_codex_raw_zlib_tiny_summary.csv,"Imported from research/results/gem5_arm_ubuntu_fs_zlib_app/zlib_codex_raw_zlib_tiny_summary.csv; checksum=0x7dbec8e3fca9fb9b; policy=spp_copper_slack; rc=0 for every row in this summary. The cycles field records gem5 ROI ticks from roi_ticks when present, otherwise sim_ticks."
zlib_app,zlib_zlib_seed1__seed1,1,no_prefetch,gem5_full_system,gem5 ARM full-system imported summary,140349,0,140349,0.000000,1.000000,research/results/gem5_arm_ubuntu_fs_zlib_app/zlib_zlib_seed1_summary.csv,"Imported from research/results/gem5_arm_ubuntu_fs_zlib_app/zlib_zlib_seed1_summary.csv; checksum=0x258843db93c006e3; policy=none; rc=0 for every row in this summary. The cycles field records gem5 ROI ticks from roi_ticks when present, otherwise sim_ticks."
zlib_app,zlib_zlib_seed1__seed1,1,naive_dmp,gem5_full_system,gem5 ARM full-system imported summary,140278,2147,142425,1.479170,1.014792,research/results/gem5_arm_ubuntu_fs_zlib_app/zlib_zlib_seed1_summary.csv,"Imported from research/results/gem5_arm_ubuntu_fs_zlib_app/zlib_zlib_seed1_summary.csv; checksum=0x258843db93c006e3; policy=naive; rc=0 for every row in this summary. The cycles field records gem5 ROI ticks from roi_ticks when present, otherwise sim_ticks."
zlib_app,zlib_zlib_seed1__seed1,1,copper_clpd64k_peb,gem5_full_system,gem5 ARM full-system imported summary,140127,1177,141304,0.680447,1.006804,research/results/gem5_arm_ubuntu_fs_zlib_app/zlib_zlib_seed1_summary.csv,"Imported from research/results/gem5_arm_ubuntu_fs_zlib_app/zlib_zlib_seed1_summary.csv; checksum=0x258843db93c006e3; policy=copper_clpd64k_peb; rc=0 for every row in this summary. The cycles field records gem5 ROI ticks from roi_ticks when present, otherwise sim_ticks."
zlib_app,zlib_zlib_seed1__seed1,1,spp,gem5_full_system,gem5 ARM full-system imported summary,76428,412960,489388,248.693614,3.486936,research/results/gem5_arm_ubuntu_fs_zlib_app/zlib_zlib_seed1_summary.csv,"Imported from research/results/gem5_arm_ubuntu_fs_zlib_app/zlib_zlib_seed1_summary.csv; checksum=0x258843db93c006e3; policy=spp; rc=0 for every row in this summary. The cycles field records gem5 ROI ticks from roi_ticks when present, otherwise sim_ticks."
zlib_app,zlib_zlib_seed1__seed1,1,spp_copper_slack,gem5_full_system,gem5 ARM full-system imported summary,76362,413509,489871,249.037756,3.490378,research/results/gem5_arm_ubuntu_fs_zlib_app/zlib_zlib_seed1_summary.csv,"Imported from research/results/gem5_arm_ubuntu_fs_zlib_app/zlib_zlib_seed1_summary.csv; checksum=0x258843db93c006e3; policy=spp_copper_slack; rc=0 for every row in this summary. The cycles field records gem5 ROI ticks from roi_ticks when present, otherwise sim_ticks."
zlib_app,zlib_zlib_tiny__seed0,0,no_prefetch,gem5_full_system,gem5 ARM full-system imported summary,140246,0,140246,0.000000,1.000000,research/results/gem5_arm_ubuntu_fs_zlib_app/zlib_zlib_tiny_summary.csv,"Imported from research/results/gem5_arm_ubuntu_fs_zlib_app/zlib_zlib_tiny_summary.csv; checksum=0xf5b59076d62b0a4a; policy=none; rc=0 for every row in this summary. The cycles field records gem5 ROI ticks from roi_ticks when present, otherwise sim_ticks."
zlib_app,zlib_zlib_tiny__seed0,0,naive_dmp,gem5_full_system,gem5 ARM full-system imported summary,140320,2146,142466,1.582933,1.015829,research/results/gem5_arm_ubuntu_fs_zlib_app/zlib_zlib_tiny_summary.csv,"Imported from research/results/gem5_arm_ubuntu_fs_zlib_app/zlib_zlib_tiny_summary.csv; checksum=0xf5b59076d62b0a4a; policy=naive; rc=0 for every row in this summary. The cycles field records gem5 ROI ticks from roi_ticks when present, otherwise sim_ticks."
zlib_app,zlib_zlib_tiny__seed0,0,copper_clpd64k_peb,gem5_full_system,gem5 ARM full-system imported summary,140303,1177,141480,0.879882,1.008799,research/results/gem5_arm_ubuntu_fs_zlib_app/zlib_zlib_tiny_summary.csv,"Imported from research/results/gem5_arm_ubuntu_fs_zlib_app/zlib_zlib_tiny_summary.csv; checksum=0xf5b59076d62b0a4a; policy=copper_clpd64k_peb; rc=0 for every row in this summary. The cycles field records gem5 ROI ticks from roi_ticks when present, otherwise sim_ticks."
zlib_app,zlib_zlib_tiny__seed0,0,spp,gem5_full_system,gem5 ARM full-system imported summary,76531,413112,489643,249.131526,3.491315,research/results/gem5_arm_ubuntu_fs_zlib_app/zlib_zlib_tiny_summary.csv,"Imported from research/results/gem5_arm_ubuntu_fs_zlib_app/zlib_zlib_tiny_summary.csv; checksum=0xf5b59076d62b0a4a; policy=spp; rc=0 for every row in this summary. The cycles field records gem5 ROI ticks from roi_ticks when present, otherwise sim_ticks."
zlib_app,zlib_zlib_tiny__seed0,0,spp_copper_slack,gem5_full_system,gem5 ARM full-system imported summary,76452,413491,489943,249.345436,3.493454,research/results/gem5_arm_ubuntu_fs_zlib_app/zlib_zlib_tiny_summary.csv,"Imported from research/results/gem5_arm_ubuntu_fs_zlib_app/zlib_zlib_tiny_summary.csv; checksum=0xf5b59076d62b0a4a; policy=spp_copper_slack; rc=0 for every row in this summary. The cycles field records gem5 ROI ticks from roi_ticks when present, otherwise sim_ticks."
zstd_app,zstd_zstd_seed1__seed1,1,no_prefetch,gem5_full_system,gem5 ARM full-system imported summary,115631,0,115631,0.000000,1.000000,research/results/gem5_arm_ubuntu_fs_zstd_app/zstd_zstd_seed1_summary.csv,"Imported from research/results/gem5_arm_ubuntu_fs_zstd_app/zstd_zstd_seed1_summary.csv; checksum=0x22c3e1e7b9a49990; policy=none; rc=0 for every row in this summary. The cycles field records gem5 ROI ticks from roi_ticks when present, otherwise sim_ticks."
zstd_app,zstd_zstd_seed1__seed1,1,naive_dmp,gem5_full_system,gem5 ARM full-system imported summary,115535,2118,117653,1.748666,1.017487,research/results/gem5_arm_ubuntu_fs_zstd_app/zstd_zstd_seed1_summary.csv,"Imported from research/results/gem5_arm_ubuntu_fs_zstd_app/zstd_zstd_seed1_summary.csv; checksum=0x22c3e1e7b9a49990; policy=naive; rc=0 for every row in this summary. The cycles field records gem5 ROI ticks from roi_ticks when present, otherwise sim_ticks."
zstd_app,zstd_zstd_seed1__seed1,1,copper_clpd64k_peb,gem5_full_system,gem5 ARM full-system imported summary,115316,1095,116411,0.674560,1.006746,research/results/gem5_arm_ubuntu_fs_zstd_app/zstd_zstd_seed1_summary.csv,"Imported from research/results/gem5_arm_ubuntu_fs_zstd_app/zstd_zstd_seed1_summary.csv; checksum=0x22c3e1e7b9a49990; policy=copper_clpd64k_peb; rc=0 for every row in this summary. The cycles field records gem5 ROI ticks from roi_ticks when present, otherwise sim_ticks."
zstd_app,zstd_zstd_seed1__seed1,1,spp,gem5_full_system,gem5 ARM full-system imported summary,54563,379269,433832,275.186585,3.751866,research/results/gem5_arm_ubuntu_fs_zstd_app/zstd_zstd_seed1_summary.csv,"Imported from research/results/gem5_arm_ubuntu_fs_zstd_app/zstd_zstd_seed1_summary.csv; checksum=0x22c3e1e7b9a49990; policy=spp; rc=0 for every row in this summary. The cycles field records gem5 ROI ticks from roi_ticks when present, otherwise sim_ticks."
zstd_app,zstd_zstd_seed1__seed1,1,spp_copper_slack,gem5_full_system,gem5 ARM full-system imported summary,54444,380091,434535,275.794553,3.757946,research/results/gem5_arm_ubuntu_fs_zstd_app/zstd_zstd_seed1_summary.csv,"Imported from research/results/gem5_arm_ubuntu_fs_zstd_app/zstd_zstd_seed1_summary.csv; checksum=0x22c3e1e7b9a49990; policy=spp_copper_slack; rc=0 for every row in this summary. The cycles field records gem5 ROI ticks from roi_ticks when present, otherwise sim_ticks."
zstd_app,zstd_zstd_tiny__seed0,0,no_prefetch,gem5_full_system,gem5 ARM full-system imported summary,115602,0,115602,0.000000,1.000000,research/results/gem5_arm_ubuntu_fs_zstd_app/zstd_zstd_tiny_summary.csv,"Imported from research/results/gem5_arm_ubuntu_fs_zstd_app/zstd_zstd_tiny_summary.csv; checksum=0x93d05761620949ad; policy=none; rc=0 for every row in this summary. The cycles field records gem5 ROI ticks from roi_ticks when present, otherwise sim_ticks."
zstd_app,zstd_zstd_tiny__seed0,0,naive_dmp,gem5_full_system,gem5 ARM full-system imported summary,115534,2116,117650,1.771596,1.017716,research/results/gem5_arm_ubuntu_fs_zstd_app/zstd_zstd_tiny_summary.csv,"Imported from research/results/gem5_arm_ubuntu_fs_zstd_app/zstd_zstd_tiny_summary.csv; checksum=0x93d05761620949ad; policy=naive; rc=0 for every row in this summary. The cycles field records gem5 ROI ticks from roi_ticks when present, otherwise sim_ticks."
zstd_app,zstd_zstd_tiny__seed0,0,copper_clpd64k_peb,gem5_full_system,gem5 ARM full-system imported summary,115576,1094,116670,0.923859,1.009239,research/results/gem5_arm_ubuntu_fs_zstd_app/zstd_zstd_tiny_summary.csv,"Imported from research/results/gem5_arm_ubuntu_fs_zstd_app/zstd_zstd_tiny_summary.csv; checksum=0x93d05761620949ad; policy=copper_clpd64k_peb; rc=0 for every row in this summary. The cycles field records gem5 ROI ticks from roi_ticks when present, otherwise sim_ticks."
zstd_app,zstd_zstd_tiny__seed0,0,spp,gem5_full_system,gem5 ARM full-system imported summary,54519,379701,434220,275.616339,3.756163,research/results/gem5_arm_ubuntu_fs_zstd_app/zstd_zstd_tiny_summary.csv,"Imported from research/results/gem5_arm_ubuntu_fs_zstd_app/zstd_zstd_tiny_summary.csv; checksum=0x93d05761620949ad; policy=spp; rc=0 for every row in this summary. The cycles field records gem5 ROI ticks from roi_ticks when present, otherwise sim_ticks."
zstd_app,zstd_zstd_tiny__seed0,0,spp_copper_slack,gem5_full_system,gem5 ARM full-system imported summary,54429,382426,436855,277.895711,3.778957,research/results/gem5_arm_ubuntu_fs_zstd_app/zstd_zstd_tiny_summary.csv,"Imported from research/results/gem5_arm_ubuntu_fs_zstd_app/zstd_zstd_tiny_summary.csv; checksum=0x93d05761620949ad; policy=spp_copper_slack; rc=0 for every row in this summary. The cycles field records gem5 ROI ticks from roi_ticks when present, otherwise sim_ticks."
