benchmark,input,seed,config,evidence_level,simulator,cycles,instructions,ipc,cache_misses,memory_stalls,speedup_vs_no_prefetch,speedup_vs_best_baseline,status,log_path,notes
cachesvc_app,cachesvc_app_medium_key__seed2__poison1,2,no_prefetch,gem5_full_system,gem5 ARM full-system imported summary,4190362776,3736831,0.000892,57737,NA,1.000000,0.868846,PASS,research/results/gem5_arm_ubuntu_fs_cachesvc_app/cachesvc_app_medium_key_summary.csv,"Imported from research/results/gem5_arm_ubuntu_fs_cachesvc_app/cachesvc_app_medium_key_summary.csv; checksum=0x3d38f00f0464cb72; policy=none; rc=0 for every row in this summary. The cycles field records gem5 ROI ticks from roi_ticks when present, otherwise sim_ticks."
cachesvc_app,cachesvc_app_medium_key__seed2__poison1,2,stride,gem5_full_system,gem5 ARM full-system imported summary,3911044041,3733089,0.000954,48227,NA,1.071418,0.930897,PASS,research/results/gem5_arm_ubuntu_fs_cachesvc_app/cachesvc_app_medium_key_summary.csv,"Imported from research/results/gem5_arm_ubuntu_fs_cachesvc_app/cachesvc_app_medium_key_summary.csv; checksum=0x3d38f00f0464cb72; policy=stride; rc=0 for every row in this summary. The cycles field records gem5 ROI ticks from roi_ticks when present, otherwise sim_ticks."
cachesvc_app,cachesvc_app_medium_key__seed2__poison1,2,naive_dmp,gem5_full_system,gem5 ARM full-system imported summary,4174511310,3733676,0.000894,57722,NA,1.003797,0.872145,PASS,research/results/gem5_arm_ubuntu_fs_cachesvc_app/cachesvc_app_medium_key_summary.csv,"Imported from research/results/gem5_arm_ubuntu_fs_cachesvc_app/cachesvc_app_medium_key_summary.csv; checksum=0x3d38f00f0464cb72; policy=naive; rc=0 for every row in this summary. The cycles field records gem5 ROI ticks from roi_ticks when present, otherwise sim_ticks."
cachesvc_app,cachesvc_app_medium_key__seed2__poison1,2,copper_clpd64k_peb,gem5_full_system,gem5 ARM full-system imported summary,4179007143,3733676,0.000893,57578,NA,1.002717,0.871207,PASS,research/results/gem5_arm_ubuntu_fs_cachesvc_app/cachesvc_app_medium_key_summary.csv,"Imported from research/results/gem5_arm_ubuntu_fs_cachesvc_app/cachesvc_app_medium_key_summary.csv; checksum=0x3d38f00f0464cb72; policy=copper_clpd64k_peb; rc=0 for every row in this summary. The cycles field records gem5 ROI ticks from roi_ticks when present, otherwise sim_ticks."
cachesvc_app,cachesvc_app_medium_key__seed2__poison1,2,dcpt,gem5_full_system,gem5 ARM full-system imported summary,3728286315,3736165,0.001002,41068,NA,1.123938,0.976529,PASS,research/results/gem5_arm_ubuntu_fs_cachesvc_app/cachesvc_app_medium_key_summary.csv,"Imported from research/results/gem5_arm_ubuntu_fs_cachesvc_app/cachesvc_app_medium_key_summary.csv; checksum=0x3d38f00f0464cb72; policy=dcpt; rc=0 for every row in this summary. The cycles field records gem5 ROI ticks from roi_ticks when present, otherwise sim_ticks."
cachesvc_app,cachesvc_app_medium_key__seed2__poison1,2,spp,gem5_full_system,gem5 ARM full-system imported summary,3640780908,3732512,0.001025,38252,NA,1.150952,1.000000,PASS,research/results/gem5_arm_ubuntu_fs_cachesvc_app/cachesvc_app_medium_key_summary.csv,"Imported from research/results/gem5_arm_ubuntu_fs_cachesvc_app/cachesvc_app_medium_key_summary.csv; checksum=0x3d38f00f0464cb72; policy=spp; rc=0 for every row in this summary. The cycles field records gem5 ROI ticks from roi_ticks when present, otherwise sim_ticks."
cachesvc_app,cachesvc_app_medium_key__seed2__poison1,2,ampm,gem5_full_system,gem5 ARM full-system imported summary,3722779827,3735144,0.001003,44624,NA,1.125600,0.977974,PASS,research/results/gem5_arm_ubuntu_fs_cachesvc_app/cachesvc_app_medium_key_summary.csv,"Imported from research/results/gem5_arm_ubuntu_fs_cachesvc_app/cachesvc_app_medium_key_summary.csv; checksum=0x3d38f00f0464cb72; policy=ampm; rc=0 for every row in this summary. The cycles field records gem5 ROI ticks from roi_ticks when present, otherwise sim_ticks."
cachesvc_app,cachesvc_app_medium_key__seed2__poison1,2,spp_copper_slack,gem5_full_system,gem5 ARM full-system imported summary,3642011010,3732731,0.001025,38242,NA,1.150563,0.999662,PASS,research/results/gem5_arm_ubuntu_fs_cachesvc_app/cachesvc_app_medium_key_summary.csv,"Imported from research/results/gem5_arm_ubuntu_fs_cachesvc_app/cachesvc_app_medium_key_summary.csv; checksum=0x3d38f00f0464cb72; policy=spp_copper_slack; rc=0 for every row in this summary. The cycles field records gem5 ROI ticks from roi_ticks when present, otherwise sim_ticks."
cachesvc_app,cachesvc_app_small__seed2__poison1,2,no_prefetch,gem5_full_system,gem5 ARM full-system imported summary,4063964634,3524579,0.000867,51835,NA,1.000000,0.865600,PASS,research/results/gem5_arm_ubuntu_fs_cachesvc_app/cachesvc_app_small_summary.csv,"Imported from research/results/gem5_arm_ubuntu_fs_cachesvc_app/cachesvc_app_small_summary.csv; checksum=0xd8e12b7b2c5a2f4b; policy=none; rc=0 for every row in this summary. The cycles field records gem5 ROI ticks from roi_ticks when present, otherwise sim_ticks."
cachesvc_app,cachesvc_app_small__seed2__poison1,2,stride,gem5_full_system,gem5 ARM full-system imported summary,3788302572,3520837,0.000929,42456,NA,1.072767,0.928586,PASS,research/results/gem5_arm_ubuntu_fs_cachesvc_app/cachesvc_app_small_summary.csv,"Imported from research/results/gem5_arm_ubuntu_fs_cachesvc_app/cachesvc_app_small_summary.csv; checksum=0xd8e12b7b2c5a2f4b; policy=stride; rc=0 for every row in this summary. The cycles field records gem5 ROI ticks from roi_ticks when present, otherwise sim_ticks."
cachesvc_app,cachesvc_app_small__seed2__poison1,2,naive_dmp,gem5_full_system,gem5 ARM full-system imported summary,4050206739,3521424,0.000869,51643,NA,1.003397,0.868540,PASS,research/results/gem5_arm_ubuntu_fs_cachesvc_app/cachesvc_app_small_summary.csv,"Imported from research/results/gem5_arm_ubuntu_fs_cachesvc_app/cachesvc_app_small_summary.csv; checksum=0xd8e12b7b2c5a2f4b; policy=naive; rc=0 for every row in this summary. The cycles field records gem5 ROI ticks from roi_ticks when present, otherwise sim_ticks."
cachesvc_app,cachesvc_app_small__seed2__poison1,2,copper_clpd64k_peb,gem5_full_system,gem5 ARM full-system imported summary,4060412190,3524639,0.000868,51820,NA,1.000875,0.866357,PASS,research/results/gem5_arm_ubuntu_fs_cachesvc_app/cachesvc_app_small_summary.csv,"Imported from research/results/gem5_arm_ubuntu_fs_cachesvc_app/cachesvc_app_small_summary.csv; checksum=0xd8e12b7b2c5a2f4b; policy=copper_clpd64k_peb; rc=0 for every row in this summary. The cycles field records gem5 ROI ticks from roi_ticks when present, otherwise sim_ticks."
cachesvc_app,cachesvc_app_small__seed2__poison1,2,dcpt,gem5_full_system,gem5 ARM full-system imported summary,3605412312,3523881,0.000977,35390,NA,1.127184,0.975690,PASS,research/results/gem5_arm_ubuntu_fs_cachesvc_app/cachesvc_app_small_summary.csv,"Imported from research/results/gem5_arm_ubuntu_fs_cachesvc_app/cachesvc_app_small_summary.csv; checksum=0xd8e12b7b2c5a2f4b; policy=dcpt; rc=0 for every row in this summary. The cycles field records gem5 ROI ticks from roi_ticks when present, otherwise sim_ticks."
cachesvc_app,cachesvc_app_small__seed2__poison1,2,spp,gem5_full_system,gem5 ARM full-system imported summary,3517766379,3520260,0.001001,32415,NA,1.155268,1.000000,PASS,research/results/gem5_arm_ubuntu_fs_cachesvc_app/cachesvc_app_small_summary.csv,"Imported from research/results/gem5_arm_ubuntu_fs_cachesvc_app/cachesvc_app_small_summary.csv; checksum=0xd8e12b7b2c5a2f4b; policy=spp; rc=0 for every row in this summary. The cycles field records gem5 ROI ticks from roi_ticks when present, otherwise sim_ticks."
cachesvc_app,cachesvc_app_small__seed2__poison1,2,ampm,gem5_full_system,gem5 ARM full-system imported summary,3591658080,3522892,0.000981,36022,NA,1.131501,0.979427,PASS,research/results/gem5_arm_ubuntu_fs_cachesvc_app/cachesvc_app_small_summary.csv,"Imported from research/results/gem5_arm_ubuntu_fs_cachesvc_app/cachesvc_app_small_summary.csv; checksum=0xd8e12b7b2c5a2f4b; policy=ampm; rc=0 for every row in this summary. The cycles field records gem5 ROI ticks from roi_ticks when present, otherwise sim_ticks."
cachesvc_app,cachesvc_app_small__seed2__poison1,2,spp_copper_slack,gem5_full_system,gem5 ARM full-system imported summary,3519139005,3520479,0.001000,32410,NA,1.154818,0.999610,PASS,research/results/gem5_arm_ubuntu_fs_cachesvc_app/cachesvc_app_small_summary.csv,"Imported from research/results/gem5_arm_ubuntu_fs_cachesvc_app/cachesvc_app_small_summary.csv; checksum=0xd8e12b7b2c5a2f4b; policy=spp_copper_slack; rc=0 for every row in this summary. The cycles field records gem5 ROI ticks from roi_ticks when present, otherwise sim_ticks."
cachesvc_app,cachesvc_codex_raw_smoke__seed7__poison1,7,no_prefetch,gem5_full_system,gem5 ARM full-system imported summary,4127429439,3612883,0.000875,52344,NA,1.000000,1.000000,PASS,research/results/gem5_arm_ubuntu_fs_cachesvc_app/cachesvc_codex_raw_smoke_summary.csv,"Imported from research/results/gem5_arm_ubuntu_fs_cachesvc_app/cachesvc_codex_raw_smoke_summary.csv; checksum=0x37fad5aec212d5f4; policy=none; rc=0 for every row in this summary. The cycles field records gem5 ROI ticks from roi_ticks when present, otherwise sim_ticks."
cachesvc_app,cachesvc_codex_raw_smoke__seed7__poison1,7,copper_clpd64k_peb,gem5_full_system,gem5 ARM full-system imported summary,4126564638,3612883,0.000876,52325,NA,1.000210,1.000210,PASS,research/results/gem5_arm_ubuntu_fs_cachesvc_app/cachesvc_codex_raw_smoke_summary.csv,"Imported from research/results/gem5_arm_ubuntu_fs_cachesvc_app/cachesvc_codex_raw_smoke_summary.csv; checksum=0x37fad5aec212d5f4; policy=copper_clpd64k_peb; rc=0 for every row in this summary. The cycles field records gem5 ROI ticks from roi_ticks when present, otherwise sim_ticks."
duktape_app,duktape_app_medium__poison1,NA,no_prefetch,gem5_full_system,gem5 ARM full-system imported summary,101740935888,164177814,0.001614,502848,NA,1.000000,0.932684,PASS,research/results/gem5_arm_ubuntu_fs_duktape_app/duktape_app_medium_summary.csv,"Imported from research/results/gem5_arm_ubuntu_fs_duktape_app/duktape_app_medium_summary.csv; checksum=0x2e53ef0; policy=none; rc=0 for every row in this summary. The cycles field records gem5 ROI ticks from roi_ticks when present, otherwise sim_ticks."
duktape_app,duktape_app_medium__poison1,NA,stride,gem5_full_system,gem5 ARM full-system imported summary,98612452170,164183403,0.001665,390898,NA,1.031725,0.962274,PASS,research/results/gem5_arm_ubuntu_fs_duktape_app/duktape_app_medium_summary.csv,"Imported from research/results/gem5_arm_ubuntu_fs_duktape_app/duktape_app_medium_summary.csv; checksum=0x2e53ef0; policy=stride; rc=0 for every row in this summary. The cycles field records gem5 ROI ticks from roi_ticks when present, otherwise sim_ticks."
duktape_app,duktape_app_medium__poison1,NA,naive_dmp,gem5_full_system,gem5 ARM full-system imported summary,101580798519,164177814,0.001616,502763,NA,1.001576,0.934155,PASS,research/results/gem5_arm_ubuntu_fs_duktape_app/duktape_app_medium_summary.csv,"Imported from research/results/gem5_arm_ubuntu_fs_duktape_app/duktape_app_medium_summary.csv; checksum=0x2e53ef0; policy=naive; rc=0 for every row in this summary. The cycles field records gem5 ROI ticks from roi_ticks when present, otherwise sim_ticks."
duktape_app,duktape_app_medium__poison1,NA,copper_clpd64k_peb,gem5_full_system,gem5 ARM full-system imported summary,101603853774,164177801,0.001616,501448,NA,1.001349,0.933943,PASS,research/results/gem5_arm_ubuntu_fs_duktape_app/duktape_app_medium_summary.csv,"Imported from research/results/gem5_arm_ubuntu_fs_duktape_app/duktape_app_medium_summary.csv; checksum=0x2e53ef0; policy=copper_clpd64k_peb; rc=0 for every row in this summary. The cycles field records gem5 ROI ticks from roi_ticks when present, otherwise sim_ticks."
duktape_app,duktape_app_medium__poison1,NA,dcpt,gem5_full_system,gem5 ARM full-system imported summary,96922417230,164164100,0.001694,335180,NA,1.049715,0.979053,PASS,research/results/gem5_arm_ubuntu_fs_duktape_app/duktape_app_medium_summary.csv,"Imported from research/results/gem5_arm_ubuntu_fs_duktape_app/duktape_app_medium_summary.csv; checksum=0x2e53ef0; policy=dcpt; rc=0 for every row in this summary. The cycles field records gem5 ROI ticks from roi_ticks when present, otherwise sim_ticks."
duktape_app,duktape_app_medium__poison1,NA,spp,gem5_full_system,gem5 ARM full-system imported summary,94892165181,164162240,0.001730,301029,NA,1.072174,1.000000,PASS,research/results/gem5_arm_ubuntu_fs_duktape_app/duktape_app_medium_summary.csv,"Imported from research/results/gem5_arm_ubuntu_fs_duktape_app/duktape_app_medium_summary.csv; checksum=0x2e53ef0; policy=spp; rc=0 for every row in this summary. The cycles field records gem5 ROI ticks from roi_ticks when present, otherwise sim_ticks."
duktape_app,duktape_app_medium__poison1,NA,ampm,gem5_full_system,gem5 ARM full-system imported summary,97044557967,164160890,0.001692,448634,NA,1.048394,0.977821,PASS,research/results/gem5_arm_ubuntu_fs_duktape_app/duktape_app_medium_summary.csv,"Imported from research/results/gem5_arm_ubuntu_fs_duktape_app/duktape_app_medium_summary.csv; checksum=0x2e53ef0; policy=ampm; rc=0 for every row in this summary. The cycles field records gem5 ROI ticks from roi_ticks when present, otherwise sim_ticks."
duktape_app,duktape_app_medium__poison1,NA,spp_copper_slack,gem5_full_system,gem5 ARM full-system imported summary,94670430471,164165269,0.001734,298929,NA,1.074685,1.002342,PASS,research/results/gem5_arm_ubuntu_fs_duktape_app/duktape_app_medium_summary.csv,"Imported from research/results/gem5_arm_ubuntu_fs_duktape_app/duktape_app_medium_summary.csv; checksum=0x2e53ef0; policy=spp_copper_slack; rc=0 for every row in this summary. The cycles field records gem5 ROI ticks from roi_ticks when present, otherwise sim_ticks."
duktape_app,duktape_app_stress__poison1,NA,no_prefetch,gem5_full_system,gem5 ARM full-system imported summary,202077116604,319029121,0.001579,878862,NA,1.000000,0.916147,PASS,research/results/gem5_arm_ubuntu_fs_duktape_app/duktape_app_stress_summary.csv,"Imported from research/results/gem5_arm_ubuntu_fs_duktape_app/duktape_app_stress_summary.csv; checksum=0x3928cced; policy=none; rc=0 for every row in this summary. The cycles field records gem5 ROI ticks from roi_ticks when present, otherwise sim_ticks."
duktape_app,duktape_app_stress__poison1,NA,stride,gem5_full_system,gem5 ARM full-system imported summary,194787347670,319020820,0.001638,670500,NA,1.037424,0.950433,PASS,research/results/gem5_arm_ubuntu_fs_duktape_app/duktape_app_stress_summary.csv,"Imported from research/results/gem5_arm_ubuntu_fs_duktape_app/duktape_app_stress_summary.csv; checksum=0x3928cced; policy=stride; rc=0 for every row in this summary. The cycles field records gem5 ROI ticks from roi_ticks when present, otherwise sim_ticks."
duktape_app,duktape_app_stress__poison1,NA,naive_dmp,gem5_full_system,gem5 ARM full-system imported summary,201569925636,319013778,0.001583,883809,NA,1.002516,0.918452,PASS,research/results/gem5_arm_ubuntu_fs_duktape_app/duktape_app_stress_summary.csv,"Imported from research/results/gem5_arm_ubuntu_fs_duktape_app/duktape_app_stress_summary.csv; checksum=0x3928cced; policy=naive; rc=0 for every row in this summary. The cycles field records gem5 ROI ticks from roi_ticks when present, otherwise sim_ticks."
duktape_app,duktape_app_stress__poison1,NA,copper_clpd64k_peb,gem5_full_system,gem5 ARM full-system imported summary,201696158610,319013765,0.001582,881694,NA,1.001889,0.917878,PASS,research/results/gem5_arm_ubuntu_fs_duktape_app/duktape_app_stress_summary.csv,"Imported from research/results/gem5_arm_ubuntu_fs_duktape_app/duktape_app_stress_summary.csv; checksum=0x3928cced; policy=copper_clpd64k_peb; rc=0 for every row in this summary. The cycles field records gem5 ROI ticks from roi_ticks when present, otherwise sim_ticks."
duktape_app,duktape_app_stress__poison1,NA,dcpt,gem5_full_system,gem5 ARM full-system imported summary,190147443219,318997139,0.001678,573514,NA,1.062739,0.973625,PASS,research/results/gem5_arm_ubuntu_fs_duktape_app/duktape_app_stress_summary.csv,"Imported from research/results/gem5_arm_ubuntu_fs_duktape_app/duktape_app_stress_summary.csv; checksum=0x3928cced; policy=dcpt; rc=0 for every row in this summary. The cycles field records gem5 ROI ticks from roi_ticks when present, otherwise sim_ticks."
duktape_app,duktape_app_stress__poison1,NA,spp,gem5_full_system,gem5 ARM full-system imported summary,185132381634,318987525,0.001723,547519,NA,1.091528,1.000000,PASS,research/results/gem5_arm_ubuntu_fs_duktape_app/duktape_app_stress_summary.csv,"Imported from research/results/gem5_arm_ubuntu_fs_duktape_app/duktape_app_stress_summary.csv; checksum=0x3928cced; policy=spp; rc=0 for every row in this summary. The cycles field records gem5 ROI ticks from roi_ticks when present, otherwise sim_ticks."
duktape_app,duktape_app_stress__poison1,NA,ampm,gem5_full_system,gem5 ARM full-system imported summary,189765881496,318996448,0.001681,748877,NA,1.064876,0.975583,PASS,research/results/gem5_arm_ubuntu_fs_duktape_app/duktape_app_stress_summary.csv,"Imported from research/results/gem5_arm_ubuntu_fs_duktape_app/duktape_app_stress_summary.csv; checksum=0x3928cced; policy=ampm; rc=0 for every row in this summary. The cycles field records gem5 ROI ticks from roi_ticks when present, otherwise sim_ticks."
duktape_app,duktape_app_stress__poison1,NA,spp_copper_slack,gem5_full_system,gem5 ARM full-system imported summary,184405728681,318993628,0.001730,536633,NA,1.095829,1.003941,PASS,research/results/gem5_arm_ubuntu_fs_duktape_app/duktape_app_stress_summary.csv,"Imported from research/results/gem5_arm_ubuntu_fs_duktape_app/duktape_app_stress_summary.csv; checksum=0x3928cced; policy=spp_copper_slack; rc=0 for every row in this summary. The cycles field records gem5 ROI ticks from roi_ticks when present, otherwise sim_ticks."
jsonsqlite_app,jsonsqlite_app_medium__seed3__poison1,3,no_prefetch,gem5_full_system,gem5 ARM full-system imported summary,31474136025,43463692,0.001381,328639,NA,1.000000,0.955033,PASS,research/results/gem5_arm_ubuntu_fs_jsonsqlite_app/jsonsqlite_app_medium_summary.csv,"Imported from research/results/gem5_arm_ubuntu_fs_jsonsqlite_app/jsonsqlite_app_medium_summary.csv; checksum=0xb8236aed9f7723ec; policy=none; rc=0 for every row in this summary. The cycles field records gem5 ROI ticks from roi_ticks when present, otherwise sim_ticks."
jsonsqlite_app,jsonsqlite_app_medium__seed3__poison1,3,stride,gem5_full_system,gem5 ARM full-system imported summary,30896212527,43452964,0.001406,306629,NA,1.018705,0.972897,PASS,research/results/gem5_arm_ubuntu_fs_jsonsqlite_app/jsonsqlite_app_medium_summary.csv,"Imported from research/results/gem5_arm_ubuntu_fs_jsonsqlite_app/jsonsqlite_app_medium_summary.csv; checksum=0xb8236aed9f7723ec; policy=stride; rc=0 for every row in this summary. The cycles field records gem5 ROI ticks from roi_ticks when present, otherwise sim_ticks."
jsonsqlite_app,jsonsqlite_app_medium__seed3__poison1,3,naive_dmp,gem5_full_system,gem5 ARM full-system imported summary,31468886280,43463687,0.001381,327438,NA,1.000167,0.955192,PASS,research/results/gem5_arm_ubuntu_fs_jsonsqlite_app/jsonsqlite_app_medium_summary.csv,"Imported from research/results/gem5_arm_ubuntu_fs_jsonsqlite_app/jsonsqlite_app_medium_summary.csv; checksum=0xb8236aed9f7723ec; policy=naive; rc=0 for every row in this summary. The cycles field records gem5 ROI ticks from roi_ticks when present, otherwise sim_ticks."
jsonsqlite_app,jsonsqlite_app_medium__seed3__poison1,3,copper_clpd64k_peb,gem5_full_system,gem5 ARM full-system imported summary,31462594578,43463672,0.001381,326074,NA,1.000367,0.955383,PASS,research/results/gem5_arm_ubuntu_fs_jsonsqlite_app/jsonsqlite_app_medium_summary.csv,"Imported from research/results/gem5_arm_ubuntu_fs_jsonsqlite_app/jsonsqlite_app_medium_summary.csv; checksum=0xb8236aed9f7723ec; policy=copper_clpd64k_peb; rc=0 for every row in this summary. The cycles field records gem5 ROI ticks from roi_ticks when present, otherwise sim_ticks."
jsonsqlite_app,jsonsqlite_app_medium__seed3__poison1,3,dcpt,gem5_full_system,gem5 ARM full-system imported summary,30566890845,43452946,0.001422,325659,NA,1.029681,0.983379,PASS,research/results/gem5_arm_ubuntu_fs_jsonsqlite_app/jsonsqlite_app_medium_summary.csv,"Imported from research/results/gem5_arm_ubuntu_fs_jsonsqlite_app/jsonsqlite_app_medium_summary.csv; checksum=0xb8236aed9f7723ec; policy=dcpt; rc=0 for every row in this summary. The cycles field records gem5 ROI ticks from roi_ticks when present, otherwise sim_ticks."
jsonsqlite_app,jsonsqlite_app_medium__seed3__poison1,3,spp,gem5_full_system,gem5 ARM full-system imported summary,30058835076,43453276,0.001446,241766,NA,1.047084,1.000000,PASS,research/results/gem5_arm_ubuntu_fs_jsonsqlite_app/jsonsqlite_app_medium_summary.csv,"Imported from research/results/gem5_arm_ubuntu_fs_jsonsqlite_app/jsonsqlite_app_medium_summary.csv; checksum=0xb8236aed9f7723ec; policy=spp; rc=0 for every row in this summary. The cycles field records gem5 ROI ticks from roi_ticks when present, otherwise sim_ticks."
jsonsqlite_app,jsonsqlite_app_medium__seed3__poison1,3,ampm,gem5_full_system,gem5 ARM full-system imported summary,30669149817,43454438,0.001417,369676,NA,1.026247,0.980100,PASS,research/results/gem5_arm_ubuntu_fs_jsonsqlite_app/jsonsqlite_app_medium_summary.csv,"Imported from research/results/gem5_arm_ubuntu_fs_jsonsqlite_app/jsonsqlite_app_medium_summary.csv; checksum=0xb8236aed9f7723ec; policy=ampm; rc=0 for every row in this summary. The cycles field records gem5 ROI ticks from roi_ticks when present, otherwise sim_ticks."
jsonsqlite_app,jsonsqlite_app_medium__seed3__poison1,3,spp_copper_slack,gem5_full_system,gem5 ARM full-system imported summary,30050573679,43450184,0.001446,240835,NA,1.047372,1.000275,PASS,research/results/gem5_arm_ubuntu_fs_jsonsqlite_app/jsonsqlite_app_medium_summary.csv,"Imported from research/results/gem5_arm_ubuntu_fs_jsonsqlite_app/jsonsqlite_app_medium_summary.csv; checksum=0xb8236aed9f7723ec; policy=spp_copper_slack; rc=0 for every row in this summary. The cycles field records gem5 ROI ticks from roi_ticks when present, otherwise sim_ticks."
jsonsqlite_app,jsonsqlite_app_stress__seed4__poison1,4,no_prefetch,gem5_full_system,gem5 ARM full-system imported summary,72752492016,112229717,0.001543,933617,NA,1.000000,0.964117,PASS,research/results/gem5_arm_ubuntu_fs_jsonsqlite_app/jsonsqlite_app_stress_summary.csv,"Imported from research/results/gem5_arm_ubuntu_fs_jsonsqlite_app/jsonsqlite_app_stress_summary.csv; checksum=0x349368bc3162ec49; policy=none; rc=0 for every row in this summary. The cycles field records gem5 ROI ticks from roi_ticks when present, otherwise sim_ticks."
jsonsqlite_app,jsonsqlite_app_stress__seed4__poison1,4,stride,gem5_full_system,gem5 ARM full-system imported summary,72164640123,112228575,0.001555,908107,NA,1.008146,0.971971,PASS,research/results/gem5_arm_ubuntu_fs_jsonsqlite_app/jsonsqlite_app_stress_summary.csv,"Imported from research/results/gem5_arm_ubuntu_fs_jsonsqlite_app/jsonsqlite_app_stress_summary.csv; checksum=0x349368bc3162ec49; policy=stride; rc=0 for every row in this summary. The cycles field records gem5 ROI ticks from roi_ticks when present, otherwise sim_ticks."
jsonsqlite_app,jsonsqlite_app_stress__seed4__poison1,4,naive_dmp,gem5_full_system,gem5 ARM full-system imported summary,72677932650,112226125,0.001544,925283,NA,1.001026,0.965106,PASS,research/results/gem5_arm_ubuntu_fs_jsonsqlite_app/jsonsqlite_app_stress_summary.csv,"Imported from research/results/gem5_arm_ubuntu_fs_jsonsqlite_app/jsonsqlite_app_stress_summary.csv; checksum=0x349368bc3162ec49; policy=naive; rc=0 for every row in this summary. The cycles field records gem5 ROI ticks from roi_ticks when present, otherwise sim_ticks."
jsonsqlite_app,jsonsqlite_app_stress__seed4__poison1,4,copper_clpd64k_peb,gem5_full_system,gem5 ARM full-system imported summary,72694647918,112226177,0.001544,926323,NA,1.000796,0.964884,PASS,research/results/gem5_arm_ubuntu_fs_jsonsqlite_app/jsonsqlite_app_stress_summary.csv,"Imported from research/results/gem5_arm_ubuntu_fs_jsonsqlite_app/jsonsqlite_app_stress_summary.csv; checksum=0x349368bc3162ec49; policy=copper_clpd64k_peb; rc=0 for every row in this summary. The cycles field records gem5 ROI ticks from roi_ticks when present, otherwise sim_ticks."
jsonsqlite_app,jsonsqlite_app_stress__seed4__poison1,4,dcpt,gem5_full_system,gem5 ARM full-system imported summary,71744139711,112228253,0.001564,950652,NA,1.014055,0.977667,PASS,research/results/gem5_arm_ubuntu_fs_jsonsqlite_app/jsonsqlite_app_stress_summary.csv,"Imported from research/results/gem5_arm_ubuntu_fs_jsonsqlite_app/jsonsqlite_app_stress_summary.csv; checksum=0x349368bc3162ec49; policy=dcpt; rc=0 for every row in this summary. The cycles field records gem5 ROI ticks from roi_ticks when present, otherwise sim_ticks."
jsonsqlite_app,jsonsqlite_app_stress__seed4__poison1,4,spp,gem5_full_system,gem5 ARM full-system imported summary,70141908879,112214382,0.001600,596699,NA,1.037219,1.000000,PASS,research/results/gem5_arm_ubuntu_fs_jsonsqlite_app/jsonsqlite_app_stress_summary.csv,"Imported from research/results/gem5_arm_ubuntu_fs_jsonsqlite_app/jsonsqlite_app_stress_summary.csv; checksum=0x349368bc3162ec49; policy=spp; rc=0 for every row in this summary. The cycles field records gem5 ROI ticks from roi_ticks when present, otherwise sim_ticks."
jsonsqlite_app,jsonsqlite_app_stress__seed4__poison1,4,ampm,gem5_full_system,gem5 ARM full-system imported summary,71403711480,112225228,0.001572,898132,NA,1.018890,0.982329,PASS,research/results/gem5_arm_ubuntu_fs_jsonsqlite_app/jsonsqlite_app_stress_summary.csv,"Imported from research/results/gem5_arm_ubuntu_fs_jsonsqlite_app/jsonsqlite_app_stress_summary.csv; checksum=0x349368bc3162ec49; policy=ampm; rc=0 for every row in this summary. The cycles field records gem5 ROI ticks from roi_ticks when present, otherwise sim_ticks."
jsonsqlite_app,jsonsqlite_app_stress__seed4__poison1,4,spp_copper_slack,gem5_full_system,gem5 ARM full-system imported summary,70116427053,112218855,0.001600,584460,NA,1.037596,1.000363,PASS,research/results/gem5_arm_ubuntu_fs_jsonsqlite_app/jsonsqlite_app_stress_summary.csv,"Imported from research/results/gem5_arm_ubuntu_fs_jsonsqlite_app/jsonsqlite_app_stress_summary.csv; checksum=0x349368bc3162ec49; policy=spp_copper_slack; rc=0 for every row in this summary. The cycles field records gem5 ROI ticks from roi_ticks when present, otherwise sim_ticks."
lua_app,lua_app_medium__poison1,NA,no_prefetch,gem5_full_system,gem5 ARM full-system imported summary,38222677395,46304997,0.001211,396700,NA,1.000000,0.704679,PASS,research/results/gem5_arm_ubuntu_fs_lua_app/lua_app_medium_summary.csv,"Imported from research/results/gem5_arm_ubuntu_fs_lua_app/lua_app_medium_summary.csv; checksum=0x1087e661; policy=none; rc=0 for every row in this summary. The cycles field records gem5 ROI ticks from roi_ticks when present, otherwise sim_ticks."
lua_app,lua_app_medium__poison1,NA,naive_dmp,gem5_full_system,gem5 ARM full-system imported summary,37485191286,46298728,0.001235,385791,NA,1.019674,0.718543,PASS,research/results/gem5_arm_ubuntu_fs_lua_app/lua_app_medium_summary.csv,"Imported from research/results/gem5_arm_ubuntu_fs_lua_app/lua_app_medium_summary.csv; checksum=0x1087e661; policy=naive; rc=0 for every row in this summary. The cycles field records gem5 ROI ticks from roi_ticks when present, otherwise sim_ticks."
lua_app,lua_app_medium__poison1,NA,copper_clpd64k_peb,gem5_full_system,gem5 ARM full-system imported summary,37399695201,46298911,0.001238,381455,NA,1.022005,0.720186,PASS,research/results/gem5_arm_ubuntu_fs_lua_app/lua_app_medium_summary.csv,"Imported from research/results/gem5_arm_ubuntu_fs_lua_app/lua_app_medium_summary.csv; checksum=0x1087e661; policy=copper_clpd64k_peb; rc=0 for every row in this summary. The cycles field records gem5 ROI ticks from roi_ticks when present, otherwise sim_ticks."
lua_app,lua_app_medium__poison1,NA,spp,gem5_full_system,gem5 ARM full-system imported summary,26934731640,46267099,0.001718,150510,NA,1.419085,1.000000,PASS,research/results/gem5_arm_ubuntu_fs_lua_app/lua_app_medium_summary.csv,"Imported from research/results/gem5_arm_ubuntu_fs_lua_app/lua_app_medium_summary.csv; checksum=0x1087e661; policy=spp; rc=0 for every row in this summary. The cycles field records gem5 ROI ticks from roi_ticks when present, otherwise sim_ticks."
lua_app,lua_app_medium__poison1,NA,spp_copper_slack,gem5_full_system,gem5 ARM full-system imported summary,27046477116,46263871,0.001711,152897,NA,1.413222,0.995868,PASS,research/results/gem5_arm_ubuntu_fs_lua_app/lua_app_medium_summary.csv,"Imported from research/results/gem5_arm_ubuntu_fs_lua_app/lua_app_medium_summary.csv; checksum=0x1087e661; policy=spp_copper_slack; rc=0 for every row in this summary. The cycles field records gem5 ROI ticks from roi_ticks when present, otherwise sim_ticks."
lua_app,lua_app_stress__seed0__poison1,0,no_prefetch,gem5_full_system,gem5 ARM full-system imported summary,74495345085,88813935,0.001192,716247,NA,1.000000,0.686076,PASS,research/results/gem5_arm_ubuntu_fs_lua_app/lua_app_stress_summary.csv,"Imported from research/results/gem5_arm_ubuntu_fs_lua_app/lua_app_stress_summary.csv; checksum=0x7c4170c4; policy=none; rc=0 for every row in this summary. The cycles field records gem5 ROI ticks from roi_ticks when present, otherwise sim_ticks."
lua_app,lua_app_stress__seed0__poison1,0,stride,gem5_full_system,gem5 ARM full-system imported summary,65833541226,88800382,0.001349,522398,NA,1.131571,0.776344,PASS,research/results/gem5_arm_ubuntu_fs_lua_app/lua_app_stress_summary.csv,"Imported from research/results/gem5_arm_ubuntu_fs_lua_app/lua_app_stress_summary.csv; checksum=0x7c4170c4; policy=stride; rc=0 for every row in this summary. The cycles field records gem5 ROI ticks from roi_ticks when present, otherwise sim_ticks."
lua_app,lua_app_stress__seed0__poison1,0,naive_dmp,gem5_full_system,gem5 ARM full-system imported summary,72687976929,88799735,0.001222,682761,NA,1.024865,0.703135,PASS,research/results/gem5_arm_ubuntu_fs_lua_app/lua_app_stress_summary.csv,"Imported from research/results/gem5_arm_ubuntu_fs_lua_app/lua_app_stress_summary.csv; checksum=0x7c4170c4; policy=naive; rc=0 for every row in this summary. The cycles field records gem5 ROI ticks from roi_ticks when present, otherwise sim_ticks."
lua_app,lua_app_stress__seed0__poison1,0,copper_clpd64k_peb,gem5_full_system,gem5 ARM full-system imported summary,72409611906,88799717,0.001226,673615,NA,1.028805,0.705838,PASS,research/results/gem5_arm_ubuntu_fs_lua_app/lua_app_stress_summary.csv,"Imported from research/results/gem5_arm_ubuntu_fs_lua_app/lua_app_stress_summary.csv; checksum=0x7c4170c4; policy=copper_clpd64k_peb; rc=0 for every row in this summary. The cycles field records gem5 ROI ticks from roi_ticks when present, otherwise sim_ticks."
lua_app,lua_app_stress__seed0__poison1,0,dcpt,gem5_full_system,gem5 ARM full-system imported summary,58573568799,88789166,0.001516,352826,NA,1.271825,0.872569,PASS,research/results/gem5_arm_ubuntu_fs_lua_app/lua_app_stress_summary.csv,"Imported from research/results/gem5_arm_ubuntu_fs_lua_app/lua_app_stress_summary.csv; checksum=0x7c4170c4; policy=dcpt; rc=0 for every row in this summary. The cycles field records gem5 ROI ticks from roi_ticks when present, otherwise sim_ticks."
lua_app,lua_app_stress__seed0__poison1,0,spp,gem5_full_system,gem5 ARM full-system imported summary,51109467705,88774497,0.001737,273903,NA,1.457564,1.000000,PASS,research/results/gem5_arm_ubuntu_fs_lua_app/lua_app_stress_summary.csv,"Imported from research/results/gem5_arm_ubuntu_fs_lua_app/lua_app_stress_summary.csv; checksum=0x7c4170c4; policy=spp; rc=0 for every row in this summary. The cycles field records gem5 ROI ticks from roi_ticks when present, otherwise sim_ticks."
lua_app,lua_app_stress__seed0__poison1,0,ampm,gem5_full_system,gem5 ARM full-system imported summary,58222210509,88796006,0.001525,397866,NA,1.279500,0.877835,PASS,research/results/gem5_arm_ubuntu_fs_lua_app/lua_app_stress_summary.csv,"Imported from research/results/gem5_arm_ubuntu_fs_lua_app/lua_app_stress_summary.csv; checksum=0x7c4170c4; policy=ampm; rc=0 for every row in this summary. The cycles field records gem5 ROI ticks from roi_ticks when present, otherwise sim_ticks."
lua_app,lua_app_stress__seed0__poison1,0,spp_copper_slack,gem5_full_system,gem5 ARM full-system imported summary,51312254049,88769306,0.001730,282992,NA,1.451804,0.996048,PASS,research/results/gem5_arm_ubuntu_fs_lua_app/lua_app_stress_summary.csv,"Imported from research/results/gem5_arm_ubuntu_fs_lua_app/lua_app_stress_summary.csv; checksum=0x7c4170c4; policy=spp_copper_slack; rc=0 for every row in this summary. The cycles field records gem5 ROI ticks from roi_ticks when present, otherwise sim_ticks."
mibench_patricia_app,mibench_patricia_patricia_large12288_seed1__seed1,1,no_prefetch,gem5_full_system,gem5 ARM full-system imported summary,79932817836,369220137,0.004619,1201292,NA,1.000000,0.856153,PASS,research/results/gem5_arm_ubuntu_fs_mibench_patricia_app/mibench_patricia_patricia_large12288_seed1_summary.csv,"Imported from research/results/gem5_arm_ubuntu_fs_mibench_patricia_app/mibench_patricia_patricia_large12288_seed1_summary.csv; checksum=0xe4dc12fd1dcd52b0; policy=none; rc=0 for every row in this summary. The cycles field records gem5 ROI ticks from roi_ticks when present, otherwise sim_ticks."
mibench_patricia_app,mibench_patricia_patricia_large12288_seed1__seed1,1,naive_dmp,gem5_full_system,gem5 ARM full-system imported summary,80054884980,369257737,0.004613,1062165,NA,0.998475,0.854847,PASS,research/results/gem5_arm_ubuntu_fs_mibench_patricia_app/mibench_patricia_patricia_large12288_seed1_summary.csv,"Imported from research/results/gem5_arm_ubuntu_fs_mibench_patricia_app/mibench_patricia_patricia_large12288_seed1_summary.csv; checksum=0xe4dc12fd1dcd52b0; policy=naive; rc=0 for every row in this summary. The cycles field records gem5 ROI ticks from roi_ticks when present, otherwise sim_ticks."
mibench_patricia_app,mibench_patricia_patricia_large12288_seed1__seed1,1,copper_clpd64k_peb,gem5_full_system,gem5 ARM full-system imported summary,80055004860,369244981,0.004612,1064120,NA,0.998474,0.854846,PASS,research/results/gem5_arm_ubuntu_fs_mibench_patricia_app/mibench_patricia_patricia_large12288_seed1_summary.csv,"Imported from research/results/gem5_arm_ubuntu_fs_mibench_patricia_app/mibench_patricia_patricia_large12288_seed1_summary.csv; checksum=0xe4dc12fd1dcd52b0; policy=copper_clpd64k_peb; rc=0 for every row in this summary. The cycles field records gem5 ROI ticks from roi_ticks when present, otherwise sim_ticks."
mibench_patricia_app,mibench_patricia_patricia_large12288_seed1__seed1,1,spp,gem5_full_system,gem5 ARM full-system imported summary,68434692804,368899809,0.005391,671627,NA,1.168016,1.000000,PASS,research/results/gem5_arm_ubuntu_fs_mibench_patricia_app/mibench_patricia_patricia_large12288_seed1_summary.csv,"Imported from research/results/gem5_arm_ubuntu_fs_mibench_patricia_app/mibench_patricia_patricia_large12288_seed1_summary.csv; checksum=0xe4dc12fd1dcd52b0; policy=spp; rc=0 for every row in this summary. The cycles field records gem5 ROI ticks from roi_ticks when present, otherwise sim_ticks."
mibench_patricia_app,mibench_patricia_patricia_large12288_seed1__seed1,1,spp_copper_slack,gem5_full_system,gem5 ARM full-system imported summary,68411091429,368928557,0.005393,624340,NA,1.168419,1.000345,PASS,research/results/gem5_arm_ubuntu_fs_mibench_patricia_app/mibench_patricia_patricia_large12288_seed1_summary.csv,"Imported from research/results/gem5_arm_ubuntu_fs_mibench_patricia_app/mibench_patricia_patricia_large12288_seed1_summary.csv; checksum=0xe4dc12fd1dcd52b0; policy=spp_copper_slack; rc=0 for every row in this summary. The cycles field records gem5 ROI ticks from roi_ticks when present, otherwise sim_ticks."
mibench_patricia_app,mibench_patricia_patricia_large12288__seed0,0,no_prefetch,gem5_full_system,gem5 ARM full-system imported summary,79942105539,369239185,0.004619,1196911,NA,1.000000,0.857282,PASS,research/results/gem5_arm_ubuntu_fs_mibench_patricia_app/mibench_patricia_patricia_large12288_summary.csv,"Imported from research/results/gem5_arm_ubuntu_fs_mibench_patricia_app/mibench_patricia_patricia_large12288_summary.csv; checksum=0x60874357358c1fc4; policy=none; rc=0 for every row in this summary. The cycles field records gem5 ROI ticks from roi_ticks when present, otherwise sim_ticks."
mibench_patricia_app,mibench_patricia_patricia_large12288__seed0,0,naive_dmp,gem5_full_system,gem5 ARM full-system imported summary,80059188006,369273217,0.004613,1059190,NA,0.998538,0.856028,PASS,research/results/gem5_arm_ubuntu_fs_mibench_patricia_app/mibench_patricia_patricia_large12288_summary.csv,"Imported from research/results/gem5_arm_ubuntu_fs_mibench_patricia_app/mibench_patricia_patricia_large12288_summary.csv; checksum=0x60874357358c1fc4; policy=naive; rc=0 for every row in this summary. The cycles field records gem5 ROI ticks from roi_ticks when present, otherwise sim_ticks."
mibench_patricia_app,mibench_patricia_patricia_large12288__seed0,0,copper_clpd64k_peb,gem5_full_system,gem5 ARM full-system imported summary,80064448407,369260389,0.004612,1061146,NA,0.998472,0.855972,PASS,research/results/gem5_arm_ubuntu_fs_mibench_patricia_app/mibench_patricia_patricia_large12288_summary.csv,"Imported from research/results/gem5_arm_ubuntu_fs_mibench_patricia_app/mibench_patricia_patricia_large12288_summary.csv; checksum=0x60874357358c1fc4; policy=copper_clpd64k_peb; rc=0 for every row in this summary. The cycles field records gem5 ROI ticks from roi_ticks when present, otherwise sim_ticks."
mibench_patricia_app,mibench_patricia_patricia_large12288__seed0,0,spp,gem5_full_system,gem5 ARM full-system imported summary,68532940458,368944021,0.005383,673883,NA,1.166477,1.000000,PASS,research/results/gem5_arm_ubuntu_fs_mibench_patricia_app/mibench_patricia_patricia_large12288_summary.csv,"Imported from research/results/gem5_arm_ubuntu_fs_mibench_patricia_app/mibench_patricia_patricia_large12288_summary.csv; checksum=0x60874357358c1fc4; policy=spp; rc=0 for every row in this summary. The cycles field records gem5 ROI ticks from roi_ticks when present, otherwise sim_ticks."
mibench_patricia_app,mibench_patricia_patricia_large12288__seed0,0,spp_copper_slack,gem5_full_system,gem5 ARM full-system imported summary,68560875828,368944193,0.005381,625181,NA,1.166002,0.999593,PASS,research/results/gem5_arm_ubuntu_fs_mibench_patricia_app/mibench_patricia_patricia_large12288_summary.csv,"Imported from research/results/gem5_arm_ubuntu_fs_mibench_patricia_app/mibench_patricia_patricia_large12288_summary.csv; checksum=0x60874357358c1fc4; policy=spp_copper_slack; rc=0 for every row in this summary. The cycles field records gem5 ROI ticks from roi_ticks when present, otherwise sim_ticks."
mibench_patricia_app,mibench_patricia_patricia_preprobe__seed0,0,no_prefetch,gem5_full_system,gem5 ARM full-system imported summary,14915580489,53237424,0.003569,183984,NA,1.000000,0.841784,PASS,research/results/gem5_arm_ubuntu_fs_mibench_patricia_app/mibench_patricia_patricia_preprobe_summary.csv,"Imported from research/results/gem5_arm_ubuntu_fs_mibench_patricia_app/mibench_patricia_patricia_preprobe_summary.csv; checksum=0xe9324f49c2b21a34; policy=none; rc=0 for every row in this summary. The cycles field records gem5 ROI ticks from roi_ticks when present, otherwise sim_ticks."
mibench_patricia_app,mibench_patricia_patricia_preprobe__seed0,0,naive_dmp,gem5_full_system,gem5 ARM full-system imported summary,14912787285,53237696,0.003570,183799,NA,1.000187,0.841941,PASS,research/results/gem5_arm_ubuntu_fs_mibench_patricia_app/mibench_patricia_patricia_preprobe_summary.csv,"Imported from research/results/gem5_arm_ubuntu_fs_mibench_patricia_app/mibench_patricia_patricia_preprobe_summary.csv; checksum=0xe9324f49c2b21a34; policy=naive; rc=0 for every row in this summary. The cycles field records gem5 ROI ticks from roi_ticks when present, otherwise sim_ticks."
mibench_patricia_app,mibench_patricia_patricia_preprobe__seed0,0,copper_clpd64k_peb,gem5_full_system,gem5 ARM full-system imported summary,14922776286,53237844,0.003568,183874,NA,0.999518,0.841378,PASS,research/results/gem5_arm_ubuntu_fs_mibench_patricia_app/mibench_patricia_patricia_preprobe_summary.csv,"Imported from research/results/gem5_arm_ubuntu_fs_mibench_patricia_app/mibench_patricia_patricia_preprobe_summary.csv; checksum=0xe9324f49c2b21a34; policy=copper_clpd64k_peb; rc=0 for every row in this summary. The cycles field records gem5 ROI ticks from roi_ticks when present, otherwise sim_ticks."
mibench_patricia_app,mibench_patricia_patricia_preprobe__seed0,0,spp,gem5_full_system,gem5 ARM full-system imported summary,12555689742,53110756,0.004230,88950,NA,1.187954,1.000000,PASS,research/results/gem5_arm_ubuntu_fs_mibench_patricia_app/mibench_patricia_patricia_preprobe_summary.csv,"Imported from research/results/gem5_arm_ubuntu_fs_mibench_patricia_app/mibench_patricia_patricia_preprobe_summary.csv; checksum=0xe9324f49c2b21a34; policy=spp; rc=0 for every row in this summary. The cycles field records gem5 ROI ticks from roi_ticks when present, otherwise sim_ticks."
mibench_patricia_app,mibench_patricia_patricia_preprobe__seed0,0,spp_copper_slack,gem5_full_system,gem5 ARM full-system imported summary,12551815620,53110756,0.004231,88887,NA,1.188321,1.000309,PASS,research/results/gem5_arm_ubuntu_fs_mibench_patricia_app/mibench_patricia_patricia_preprobe_summary.csv,"Imported from research/results/gem5_arm_ubuntu_fs_mibench_patricia_app/mibench_patricia_patricia_preprobe_summary.csv; checksum=0xe9324f49c2b21a34; policy=spp_copper_slack; rc=0 for every row in this summary. The cycles field records gem5 ROI ticks from roi_ticks when present, otherwise sim_ticks."
mibench_patricia_app,mibench_patricia_patricia_small2048__seed0,0,no_prefetch,gem5_full_system,gem5 ARM full-system imported summary,21899607138,101016983,0.004613,302886,NA,1.000000,0.877030,PASS,research/results/gem5_arm_ubuntu_fs_mibench_patricia_app/mibench_patricia_patricia_small2048_summary.csv,"Imported from research/results/gem5_arm_ubuntu_fs_mibench_patricia_app/mibench_patricia_patricia_small2048_summary.csv; checksum=0x11f999a2549d757f; policy=none; rc=0 for every row in this summary. The cycles field records gem5 ROI ticks from roi_ticks when present, otherwise sim_ticks."
mibench_patricia_app,mibench_patricia_patricia_small2048__seed0,0,naive_dmp,gem5_full_system,gem5 ARM full-system imported summary,21922426296,100989719,0.004607,288912,NA,0.998959,0.876117,PASS,research/results/gem5_arm_ubuntu_fs_mibench_patricia_app/mibench_patricia_patricia_small2048_summary.csv,"Imported from research/results/gem5_arm_ubuntu_fs_mibench_patricia_app/mibench_patricia_patricia_small2048_summary.csv; checksum=0x11f999a2549d757f; policy=naive; rc=0 for every row in this summary. The cycles field records gem5 ROI ticks from roi_ticks when present, otherwise sim_ticks."
mibench_patricia_app,mibench_patricia_patricia_small2048__seed0,0,copper_clpd64k_peb,gem5_full_system,gem5 ARM full-system imported summary,21924058995,100989927,0.004606,289122,NA,0.998885,0.876052,PASS,research/results/gem5_arm_ubuntu_fs_mibench_patricia_app/mibench_patricia_patricia_small2048_summary.csv,"Imported from research/results/gem5_arm_ubuntu_fs_mibench_patricia_app/mibench_patricia_patricia_small2048_summary.csv; checksum=0x11f999a2549d757f; policy=copper_clpd64k_peb; rc=0 for every row in this summary. The cycles field records gem5 ROI ticks from roi_ticks when present, otherwise sim_ticks."
mibench_patricia_app,mibench_patricia_patricia_small2048__seed0,0,spp,gem5_full_system,gem5 ARM full-system imported summary,19206605169,100781679,0.005247,165429,NA,1.140212,1.000000,PASS,research/results/gem5_arm_ubuntu_fs_mibench_patricia_app/mibench_patricia_patricia_small2048_summary.csv,"Imported from research/results/gem5_arm_ubuntu_fs_mibench_patricia_app/mibench_patricia_patricia_small2048_summary.csv; checksum=0x11f999a2549d757f; policy=spp; rc=0 for every row in this summary. The cycles field records gem5 ROI ticks from roi_ticks when present, otherwise sim_ticks."
mibench_patricia_app,mibench_patricia_patricia_small2048__seed0,0,spp_copper_slack,gem5_full_system,gem5 ARM full-system imported summary,19213131303,100781679,0.005245,162138,NA,1.139825,0.999660,PASS,research/results/gem5_arm_ubuntu_fs_mibench_patricia_app/mibench_patricia_patricia_small2048_summary.csv,"Imported from research/results/gem5_arm_ubuntu_fs_mibench_patricia_app/mibench_patricia_patricia_small2048_summary.csv; checksum=0x11f999a2549d757f; policy=spp_copper_slack; rc=0 for every row in this summary. The cycles field records gem5 ROI ticks from roi_ticks when present, otherwise sim_ticks."
mibench_patricia_app,mibench_patricia_patricia_small8192__seed0,0,no_prefetch,gem5_full_system,gem5 ARM full-system imported summary,54803550924,258895374,0.004724,808671,NA,1.000000,0.866515,PASS,research/results/gem5_arm_ubuntu_fs_mibench_patricia_app/mibench_patricia_patricia_small8192_summary.csv,"Imported from research/results/gem5_arm_ubuntu_fs_mibench_patricia_app/mibench_patricia_patricia_small8192_summary.csv; checksum=0xd4f96d52a9711657; policy=none; rc=0 for every row in this summary. The cycles field records gem5 ROI ticks from roi_ticks when present, otherwise sim_ticks."
mibench_patricia_app,mibench_patricia_patricia_small8192__seed0,0,naive_dmp,gem5_full_system,gem5 ARM full-system imported summary,54840336435,258911078,0.004721,725045,NA,0.999329,0.865933,PASS,research/results/gem5_arm_ubuntu_fs_mibench_patricia_app/mibench_patricia_patricia_small8192_summary.csv,"Imported from research/results/gem5_arm_ubuntu_fs_mibench_patricia_app/mibench_patricia_patricia_small8192_summary.csv; checksum=0xd4f96d52a9711657; policy=naive; rc=0 for every row in this summary. The cycles field records gem5 ROI ticks from roi_ticks when present, otherwise sim_ticks."
mibench_patricia_app,mibench_patricia_patricia_small8192__seed0,0,copper_clpd64k_peb,gem5_full_system,gem5 ARM full-system imported summary,54835676766,258897106,0.004721,725984,NA,0.999414,0.866007,PASS,research/results/gem5_arm_ubuntu_fs_mibench_patricia_app/mibench_patricia_patricia_small8192_summary.csv,"Imported from research/results/gem5_arm_ubuntu_fs_mibench_patricia_app/mibench_patricia_patricia_small8192_summary.csv; checksum=0xd4f96d52a9711657; policy=copper_clpd64k_peb; rc=0 for every row in this summary. The cycles field records gem5 ROI ticks from roi_ticks when present, otherwise sim_ticks."
mibench_patricia_app,mibench_patricia_patricia_small8192__seed0,0,spp,gem5_full_system,gem5 ARM full-system imported summary,47488079718,258749678,0.005449,457216,NA,1.154049,1.000000,PASS,research/results/gem5_arm_ubuntu_fs_mibench_patricia_app/mibench_patricia_patricia_small8192_summary.csv,"Imported from research/results/gem5_arm_ubuntu_fs_mibench_patricia_app/mibench_patricia_patricia_small8192_summary.csv; checksum=0xd4f96d52a9711657; policy=spp; rc=0 for every row in this summary. The cycles field records gem5 ROI ticks from roi_ticks when present, otherwise sim_ticks."
mibench_patricia_app,mibench_patricia_patricia_small8192__seed0,0,spp_copper_slack,gem5_full_system,gem5 ARM full-system imported summary,47515387383,258749590,0.005446,428648,NA,1.153385,0.999425,PASS,research/results/gem5_arm_ubuntu_fs_mibench_patricia_app/mibench_patricia_patricia_small8192_summary.csv,"Imported from research/results/gem5_arm_ubuntu_fs_mibench_patricia_app/mibench_patricia_patricia_small8192_summary.csv; checksum=0xd4f96d52a9711657; policy=spp_copper_slack; rc=0 for every row in this summary. The cycles field records gem5 ROI ticks from roi_ticks when present, otherwise sim_ticks."
ossltlstcp_app,ossltlstcp_tcp_netns_process_scale2__stats_section_index0__seed2__poison1__transporttcp_loopback_netns_proce__strict_tcp1__netns_loopback1,2,no_prefetch,gem5_full_system,gem5 ARM full-system imported summary,17672403906,31092924,0.001759,258108,NA,1.000000,0.886460,PASS,research/results/gem5_arm_ubuntu_fs_ossltlstcp_app/ossltlstcp_tcp_netns_process_scale2_summary.csv,"Imported from research/results/gem5_arm_ubuntu_fs_ossltlstcp_app/ossltlstcp_tcp_netns_process_scale2_summary.csv; checksum=0x703cb54ece76864c; policy=none; rc=0 for every row in this summary. The cycles field records gem5 ROI ticks from roi_ticks when present, otherwise sim_ticks."
ossltlstcp_app,ossltlstcp_tcp_netns_process_scale2__stats_section_index0__seed2__poison1__transporttcp_loopback_netns_proce__strict_tcp1__netns_loopback1,2,naive_dmp,gem5_full_system,gem5 ARM full-system imported summary,17630520498,31084894,0.001763,255644,NA,1.002376,0.888566,PASS,research/results/gem5_arm_ubuntu_fs_ossltlstcp_app/ossltlstcp_tcp_netns_process_scale2_summary.csv,"Imported from research/results/gem5_arm_ubuntu_fs_ossltlstcp_app/ossltlstcp_tcp_netns_process_scale2_summary.csv; checksum=0x703cb54ece76864c; policy=naive; rc=0 for every row in this summary. The cycles field records gem5 ROI ticks from roi_ticks when present, otherwise sim_ticks."
ossltlstcp_app,ossltlstcp_tcp_netns_process_scale2__stats_section_index0__seed2__poison1__transporttcp_loopback_netns_proce__strict_tcp1__netns_loopback1,2,copper_clpd64k_peb,gem5_full_system,gem5 ARM full-system imported summary,17602881165,31002161,0.001761,254936,NA,1.003950,0.889961,PASS,research/results/gem5_arm_ubuntu_fs_ossltlstcp_app/ossltlstcp_tcp_netns_process_scale2_summary.csv,"Imported from research/results/gem5_arm_ubuntu_fs_ossltlstcp_app/ossltlstcp_tcp_netns_process_scale2_summary.csv; checksum=0x703cb54ece76864c; policy=copper_clpd64k_peb; rc=0 for every row in this summary. The cycles field records gem5 ROI ticks from roi_ticks when present, otherwise sim_ticks."
ossltlstcp_app,ossltlstcp_tcp_netns_process_scale2__stats_section_index0__seed2__poison1__transporttcp_loopback_netns_proce__strict_tcp1__netns_loopback1,2,spp,gem5_full_system,gem5 ARM full-system imported summary,15665880105,29927043,0.001910,163330,NA,1.128082,1.000000,PASS,research/results/gem5_arm_ubuntu_fs_ossltlstcp_app/ossltlstcp_tcp_netns_process_scale2_summary.csv,"Imported from research/results/gem5_arm_ubuntu_fs_ossltlstcp_app/ossltlstcp_tcp_netns_process_scale2_summary.csv; checksum=0x703cb54ece76864c; policy=spp; rc=0 for every row in this summary. The cycles field records gem5 ROI ticks from roi_ticks when present, otherwise sim_ticks."
ossltlstcp_app,ossltlstcp_tcp_netns_process_scale2__stats_section_index0__seed2__poison1__transporttcp_loopback_netns_proce__strict_tcp1__netns_loopback1,2,spp_copper_slack,gem5_full_system,gem5 ARM full-system imported summary,15647120883,29894225,0.001911,163345,NA,1.129435,1.001199,PASS,research/results/gem5_arm_ubuntu_fs_ossltlstcp_app/ossltlstcp_tcp_netns_process_scale2_summary.csv,"Imported from research/results/gem5_arm_ubuntu_fs_ossltlstcp_app/ossltlstcp_tcp_netns_process_scale2_summary.csv; checksum=0x703cb54ece76864c; policy=spp_copper_slack; rc=0 for every row in this summary. The cycles field records gem5 ROI ticks from roi_ticks when present, otherwise sim_ticks."
ossltlstcp_app,ossltlstcp_tcp_netns_process_scale3__stats_section_index0__seed3__poison1__transporttcp_loopback_netns_proce__strict_tcp1__netns_loopback1,3,no_prefetch,gem5_full_system,gem5 ARM full-system imported summary,31539975120,54768776,0.001736,489192,NA,1.000000,0.872377,PASS,research/results/gem5_arm_ubuntu_fs_ossltlstcp_app/ossltlstcp_tcp_netns_process_scale3_summary.csv,"Imported from research/results/gem5_arm_ubuntu_fs_ossltlstcp_app/ossltlstcp_tcp_netns_process_scale3_summary.csv; checksum=0x46e083abee222484; policy=none; rc=0 for every row in this summary. The cycles field records gem5 ROI ticks from roi_ticks when present, otherwise sim_ticks."
ossltlstcp_app,ossltlstcp_tcp_netns_process_scale3__stats_section_index0__seed3__poison1__transporttcp_loopback_netns_proce__strict_tcp1__netns_loopback1,3,naive_dmp,gem5_full_system,gem5 ARM full-system imported summary,31419564318,54634883,0.001739,485515,NA,1.003832,0.875720,PASS,research/results/gem5_arm_ubuntu_fs_ossltlstcp_app/ossltlstcp_tcp_netns_process_scale3_summary.csv,"Imported from research/results/gem5_arm_ubuntu_fs_ossltlstcp_app/ossltlstcp_tcp_netns_process_scale3_summary.csv; checksum=0x46e083abee222484; policy=naive; rc=0 for every row in this summary. The cycles field records gem5 ROI ticks from roi_ticks when present, otherwise sim_ticks."
ossltlstcp_app,ossltlstcp_tcp_netns_process_scale3__stats_section_index0__seed3__poison1__transporttcp_loopback_netns_proce__strict_tcp1__netns_loopback1,3,copper_clpd64k_peb,gem5_full_system,gem5 ARM full-system imported summary,31371553044,54466212,0.001736,481765,NA,1.005369,0.877060,PASS,research/results/gem5_arm_ubuntu_fs_ossltlstcp_app/ossltlstcp_tcp_netns_process_scale3_summary.csv,"Imported from research/results/gem5_arm_ubuntu_fs_ossltlstcp_app/ossltlstcp_tcp_netns_process_scale3_summary.csv; checksum=0x46e083abee222484; policy=copper_clpd64k_peb; rc=0 for every row in this summary. The cycles field records gem5 ROI ticks from roi_ticks when present, otherwise sim_ticks."
ossltlstcp_app,ossltlstcp_tcp_netns_process_scale3__stats_section_index0__seed3__poison1__transporttcp_loopback_netns_proce__strict_tcp1__netns_loopback1,3,spp,gem5_full_system,gem5 ARM full-system imported summary,27514734723,51952386,0.001888,294257,NA,1.146294,1.000000,PASS,research/results/gem5_arm_ubuntu_fs_ossltlstcp_app/ossltlstcp_tcp_netns_process_scale3_summary.csv,"Imported from research/results/gem5_arm_ubuntu_fs_ossltlstcp_app/ossltlstcp_tcp_netns_process_scale3_summary.csv; checksum=0x46e083abee222484; policy=spp; rc=0 for every row in this summary. The cycles field records gem5 ROI ticks from roi_ticks when present, otherwise sim_ticks."
ossltlstcp_app,ossltlstcp_tcp_netns_process_scale3__stats_section_index0__seed3__poison1__transporttcp_loopback_netns_proce__strict_tcp1__netns_loopback1,3,spp_copper_slack,gem5_full_system,gem5 ARM full-system imported summary,27512517276,51913605,0.001887,294099,NA,1.146386,1.000081,PASS,research/results/gem5_arm_ubuntu_fs_ossltlstcp_app/ossltlstcp_tcp_netns_process_scale3_summary.csv,"Imported from research/results/gem5_arm_ubuntu_fs_ossltlstcp_app/ossltlstcp_tcp_netns_process_scale3_summary.csv; checksum=0x46e083abee222484; policy=spp_copper_slack; rc=0 for every row in this summary. The cycles field records gem5 ROI ticks from roi_ticks when present, otherwise sim_ticks."
pcre2_app,pcre2_pcre2_seed1__seed1__poison1,1,no_prefetch,gem5_full_system,gem5 ARM full-system imported summary,21289588101,133726006,0.006281,172719,NA,1.000000,0.918987,PASS,research/results/gem5_arm_ubuntu_fs_pcre2_app/pcre2_pcre2_seed1_summary.csv,"Imported from research/results/gem5_arm_ubuntu_fs_pcre2_app/pcre2_pcre2_seed1_summary.csv; checksum=0xfc469fc668f4c38c; policy=none; rc=0 for every row in this summary. The cycles field records gem5 ROI ticks from roi_ticks when present, otherwise sim_ticks."
pcre2_app,pcre2_pcre2_seed1__seed1__poison1,1,naive_dmp,gem5_full_system,gem5 ARM full-system imported summary,21296069946,133726098,0.006279,172465,NA,0.999696,0.918707,PASS,research/results/gem5_arm_ubuntu_fs_pcre2_app/pcre2_pcre2_seed1_summary.csv,"Imported from research/results/gem5_arm_ubuntu_fs_pcre2_app/pcre2_pcre2_seed1_summary.csv; checksum=0xfc469fc668f4c38c; policy=naive; rc=0 for every row in this summary. The cycles field records gem5 ROI ticks from roi_ticks when present, otherwise sim_ticks."
pcre2_app,pcre2_pcre2_seed1__seed1__poison1,1,copper_clpd64k_peb,gem5_full_system,gem5 ARM full-system imported summary,21291670683,133725958,0.006281,172394,NA,0.999902,0.918897,PASS,research/results/gem5_arm_ubuntu_fs_pcre2_app/pcre2_pcre2_seed1_summary.csv,"Imported from research/results/gem5_arm_ubuntu_fs_pcre2_app/pcre2_pcre2_seed1_summary.csv; checksum=0xfc469fc668f4c38c; policy=copper_clpd64k_peb; rc=0 for every row in this summary. The cycles field records gem5 ROI ticks from roi_ticks when present, otherwise sim_ticks."
pcre2_app,pcre2_pcre2_seed1__seed1__poison1,1,spp,gem5_full_system,gem5 ARM full-system imported summary,19564844904,133495086,0.006823,74597,NA,1.088155,1.000000,PASS,research/results/gem5_arm_ubuntu_fs_pcre2_app/pcre2_pcre2_seed1_summary.csv,"Imported from research/results/gem5_arm_ubuntu_fs_pcre2_app/pcre2_pcre2_seed1_summary.csv; checksum=0xfc469fc668f4c38c; policy=spp; rc=0 for every row in this summary. The cycles field records gem5 ROI ticks from roi_ticks when present, otherwise sim_ticks."
pcre2_app,pcre2_pcre2_seed1__seed1__poison1,1,spp_copper_slack,gem5_full_system,gem5 ARM full-system imported summary,19565147934,133495086,0.006823,74482,NA,1.088138,0.999985,PASS,research/results/gem5_arm_ubuntu_fs_pcre2_app/pcre2_pcre2_seed1_summary.csv,"Imported from research/results/gem5_arm_ubuntu_fs_pcre2_app/pcre2_pcre2_seed1_summary.csv; checksum=0xfc469fc668f4c38c; policy=spp_copper_slack; rc=0 for every row in this summary. The cycles field records gem5 ROI ticks from roi_ticks when present, otherwise sim_ticks."
pcre2_app,pcre2_pcre2_smoke__seed0__poison1,0,no_prefetch,gem5_full_system,gem5 ARM full-system imported summary,21268901142,133647034,0.006284,174440,NA,1.000000,0.919004,PASS,research/results/gem5_arm_ubuntu_fs_pcre2_app/pcre2_pcre2_smoke_summary.csv,"Imported from research/results/gem5_arm_ubuntu_fs_pcre2_app/pcre2_pcre2_smoke_summary.csv; checksum=0x70905e0adac9ac17; policy=none; rc=0 for every row in this summary. The cycles field records gem5 ROI ticks from roi_ticks when present, otherwise sim_ticks."
pcre2_app,pcre2_pcre2_smoke__seed0__poison1,0,naive_dmp,gem5_full_system,gem5 ARM full-system imported summary,21267571473,133647734,0.006284,174263,NA,1.000063,0.919061,PASS,research/results/gem5_arm_ubuntu_fs_pcre2_app/pcre2_pcre2_smoke_summary.csv,"Imported from research/results/gem5_arm_ubuntu_fs_pcre2_app/pcre2_pcre2_smoke_summary.csv; checksum=0x70905e0adac9ac17; policy=naive; rc=0 for every row in this summary. The cycles field records gem5 ROI ticks from roi_ticks when present, otherwise sim_ticks."
pcre2_app,pcre2_pcre2_smoke__seed0__poison1,0,copper_clpd64k_peb,gem5_full_system,gem5 ARM full-system imported summary,21292385634,133657814,0.006277,174379,NA,0.998897,0.917990,PASS,research/results/gem5_arm_ubuntu_fs_pcre2_app/pcre2_pcre2_smoke_summary.csv,"Imported from research/results/gem5_arm_ubuntu_fs_pcre2_app/pcre2_pcre2_smoke_summary.csv; checksum=0x70905e0adac9ac17; policy=copper_clpd64k_peb; rc=0 for every row in this summary. The cycles field records gem5 ROI ticks from roi_ticks when present, otherwise sim_ticks."
pcre2_app,pcre2_pcre2_smoke__seed0__poison1,0,spp,gem5_full_system,gem5 ARM full-system imported summary,19546196238,133426894,0.006826,74542,NA,1.088135,1.000000,PASS,research/results/gem5_arm_ubuntu_fs_pcre2_app/pcre2_pcre2_smoke_summary.csv,"Imported from research/results/gem5_arm_ubuntu_fs_pcre2_app/pcre2_pcre2_smoke_summary.csv; checksum=0x70905e0adac9ac17; policy=spp; rc=0 for every row in this summary. The cycles field records gem5 ROI ticks from roi_ticks when present, otherwise sim_ticks."
pcre2_app,pcre2_pcre2_smoke__seed0__poison1,0,spp_copper_slack,gem5_full_system,gem5 ARM full-system imported summary,19555851573,133426894,0.006823,74241,NA,1.087598,0.999506,PASS,research/results/gem5_arm_ubuntu_fs_pcre2_app/pcre2_pcre2_smoke_summary.csv,"Imported from research/results/gem5_arm_ubuntu_fs_pcre2_app/pcre2_pcre2_smoke_summary.csv; checksum=0x70905e0adac9ac17; policy=spp_copper_slack; rc=0 for every row in this summary. The cycles field records gem5 ROI ticks from roi_ticks when present, otherwise sim_ticks."
sqlite_app,sqlite_app_medium__poison1,NA,no_prefetch,gem5_full_system,gem5 ARM full-system imported summary,52394114439,63163423,0.001206,563217,NA,1.000000,0.963767,PASS,research/results/gem5_arm_ubuntu_fs_sqlite_app/sqlite_app_medium_summary.csv,"Imported from research/results/gem5_arm_ubuntu_fs_sqlite_app/sqlite_app_medium_summary.csv; checksum=0x6f120768e4acf50e; policy=none; rc=0 for every row in this summary. The cycles field records gem5 ROI ticks from roi_ticks when present, otherwise sim_ticks."
sqlite_app,sqlite_app_medium__poison1,NA,stride,gem5_full_system,gem5 ARM full-system imported summary,51940140867,63161241,0.001216,535418,NA,1.008740,0.972191,PASS,research/results/gem5_arm_ubuntu_fs_sqlite_app/sqlite_app_medium_summary.csv,"Imported from research/results/gem5_arm_ubuntu_fs_sqlite_app/sqlite_app_medium_summary.csv; checksum=0x6f120768e4acf50e; policy=stride; rc=0 for every row in this summary. The cycles field records gem5 ROI ticks from roi_ticks when present, otherwise sim_ticks."
sqlite_app,sqlite_app_medium__poison1,NA,naive_dmp,gem5_full_system,gem5 ARM full-system imported summary,52388923635,63163222,0.001206,560830,NA,1.000099,0.963863,PASS,research/results/gem5_arm_ubuntu_fs_sqlite_app/sqlite_app_medium_summary.csv,"Imported from research/results/gem5_arm_ubuntu_fs_sqlite_app/sqlite_app_medium_summary.csv; checksum=0x6f120768e4acf50e; policy=naive; rc=0 for every row in this summary. The cycles field records gem5 ROI ticks from roi_ticks when present, otherwise sim_ticks."
sqlite_app,sqlite_app_medium__poison1,NA,copper_clpd64k_peb,gem5_full_system,gem5 ARM full-system imported summary,52394046840,63163364,0.001206,560745,NA,1.000001,0.963768,PASS,research/results/gem5_arm_ubuntu_fs_sqlite_app/sqlite_app_medium_summary.csv,"Imported from research/results/gem5_arm_ubuntu_fs_sqlite_app/sqlite_app_medium_summary.csv; checksum=0x6f120768e4acf50e; policy=copper_clpd64k_peb; rc=0 for every row in this summary. The cycles field records gem5 ROI ticks from roi_ticks when present, otherwise sim_ticks."
sqlite_app,sqlite_app_medium__poison1,NA,dcpt,gem5_full_system,gem5 ARM full-system imported summary,51351458805,63146455,0.001230,523387,NA,1.020304,0.983336,PASS,research/results/gem5_arm_ubuntu_fs_sqlite_app/sqlite_app_medium_summary.csv,"Imported from research/results/gem5_arm_ubuntu_fs_sqlite_app/sqlite_app_medium_summary.csv; checksum=0x6f120768e4acf50e; policy=dcpt; rc=0 for every row in this summary. The cycles field records gem5 ROI ticks from roi_ticks when present, otherwise sim_ticks."
sqlite_app,sqlite_app_medium__poison1,NA,spp,gem5_full_system,gem5 ARM full-system imported summary,50495726727,63156836,0.001251,425168,NA,1.037595,1.000000,PASS,research/results/gem5_arm_ubuntu_fs_sqlite_app/sqlite_app_medium_summary.csv,"Imported from research/results/gem5_arm_ubuntu_fs_sqlite_app/sqlite_app_medium_summary.csv; checksum=0x6f120768e4acf50e; policy=spp; rc=0 for every row in this summary. The cycles field records gem5 ROI ticks from roi_ticks when present, otherwise sim_ticks."
sqlite_app,sqlite_app_medium__poison1,NA,ampm,gem5_full_system,gem5 ARM full-system imported summary,51521464629,63153608,0.001226,612082,NA,1.016938,0.980091,PASS,research/results/gem5_arm_ubuntu_fs_sqlite_app/sqlite_app_medium_summary.csv,"Imported from research/results/gem5_arm_ubuntu_fs_sqlite_app/sqlite_app_medium_summary.csv; checksum=0x6f120768e4acf50e; policy=ampm; rc=0 for every row in this summary. The cycles field records gem5 ROI ticks from roi_ticks when present, otherwise sim_ticks."
sqlite_app,sqlite_app_medium__poison1,NA,spp_copper_slack,gem5_full_system,gem5 ARM full-system imported summary,50499202248,63156820,0.001251,425977,NA,1.037524,0.999931,PASS,research/results/gem5_arm_ubuntu_fs_sqlite_app/sqlite_app_medium_summary.csv,"Imported from research/results/gem5_arm_ubuntu_fs_sqlite_app/sqlite_app_medium_summary.csv; checksum=0x6f120768e4acf50e; policy=spp_copper_slack; rc=0 for every row in this summary. The cycles field records gem5 ROI ticks from roi_ticks when present, otherwise sim_ticks."
sqlite_app,sqlite_app_stress__poison1,NA,no_prefetch,gem5_full_system,gem5 ARM full-system imported summary,104853074301,124795314,0.001190,1120412,NA,1.000000,0.974128,PASS,research/results/gem5_arm_ubuntu_fs_sqlite_app/sqlite_app_stress_summary.csv,"Imported from research/results/gem5_arm_ubuntu_fs_sqlite_app/sqlite_app_stress_summary.csv; checksum=0xc91843372c7ddc37; policy=none; rc=0 for every row in this summary. The cycles field records gem5 ROI ticks from roi_ticks when present, otherwise sim_ticks."
sqlite_app,sqlite_app_stress__poison1,NA,stride,gem5_full_system,gem5 ARM full-system imported summary,104478346071,124797373,0.001194,1077000,NA,1.003587,0.977622,PASS,research/results/gem5_arm_ubuntu_fs_sqlite_app/sqlite_app_stress_summary.csv,"Imported from research/results/gem5_arm_ubuntu_fs_sqlite_app/sqlite_app_stress_summary.csv; checksum=0xc91843372c7ddc37; policy=stride; rc=0 for every row in this summary. The cycles field records gem5 ROI ticks from roi_ticks when present, otherwise sim_ticks."
sqlite_app,sqlite_app_stress__poison1,NA,naive_dmp,gem5_full_system,gem5 ARM full-system imported summary,104845717998,124795306,0.001190,1119261,NA,1.000070,0.974197,PASS,research/results/gem5_arm_ubuntu_fs_sqlite_app/sqlite_app_stress_summary.csv,"Imported from research/results/gem5_arm_ubuntu_fs_sqlite_app/sqlite_app_stress_summary.csv; checksum=0xc91843372c7ddc37; policy=naive; rc=0 for every row in this summary. The cycles field records gem5 ROI ticks from roi_ticks when present, otherwise sim_ticks."
sqlite_app,sqlite_app_stress__poison1,NA,copper_clpd64k_peb,gem5_full_system,gem5 ARM full-system imported summary,104813948799,124795270,0.001191,1118376,NA,1.000373,0.974492,PASS,research/results/gem5_arm_ubuntu_fs_sqlite_app/sqlite_app_stress_summary.csv,"Imported from research/results/gem5_arm_ubuntu_fs_sqlite_app/sqlite_app_stress_summary.csv; checksum=0xc91843372c7ddc37; policy=copper_clpd64k_peb; rc=0 for every row in this summary. The cycles field records gem5 ROI ticks from roi_ticks when present, otherwise sim_ticks."
sqlite_app,sqlite_app_stress__poison1,NA,dcpt,gem5_full_system,gem5 ARM full-system imported summary,103727213289,124780298,0.001203,1065048,NA,1.010854,0.984701,PASS,research/results/gem5_arm_ubuntu_fs_sqlite_app/sqlite_app_stress_summary.csv,"Imported from research/results/gem5_arm_ubuntu_fs_sqlite_app/sqlite_app_stress_summary.csv; checksum=0xc91843372c7ddc37; policy=dcpt; rc=0 for every row in this summary. The cycles field records gem5 ROI ticks from roi_ticks when present, otherwise sim_ticks."
sqlite_app,sqlite_app_stress__poison1,NA,spp,gem5_full_system,gem5 ARM full-system imported summary,102140339751,124787097,0.001222,865108,NA,1.026559,1.000000,PASS,research/results/gem5_arm_ubuntu_fs_sqlite_app/sqlite_app_stress_summary.csv,"Imported from research/results/gem5_arm_ubuntu_fs_sqlite_app/sqlite_app_stress_summary.csv; checksum=0xc91843372c7ddc37; policy=spp; rc=0 for every row in this summary. The cycles field records gem5 ROI ticks from roi_ticks when present, otherwise sim_ticks."
sqlite_app,sqlite_app_stress__poison1,NA,ampm,gem5_full_system,gem5 ARM full-system imported summary,104746008141,124804649,0.001191,1175904,NA,1.001022,0.975124,PASS,research/results/gem5_arm_ubuntu_fs_sqlite_app/sqlite_app_stress_summary.csv,"Imported from research/results/gem5_arm_ubuntu_fs_sqlite_app/sqlite_app_stress_summary.csv; checksum=0xc91843372c7ddc37; policy=ampm; rc=0 for every row in this summary. The cycles field records gem5 ROI ticks from roi_ticks when present, otherwise sim_ticks."
sqlite_app,sqlite_app_stress__poison1,NA,spp_copper_slack,gem5_full_system,gem5 ARM full-system imported summary,102179909475,124791541,0.001221,872534,NA,1.026161,0.999613,PASS,research/results/gem5_arm_ubuntu_fs_sqlite_app/sqlite_app_stress_summary.csv,"Imported from research/results/gem5_arm_ubuntu_fs_sqlite_app/sqlite_app_stress_summary.csv; checksum=0xc91843372c7ddc37; policy=spp_copper_slack; rc=0 for every row in this summary. The cycles field records gem5 ROI ticks from roi_ticks when present, otherwise sim_ticks."
yyjson_app,yyjson_app_medium__seed2__poison1,2,no_prefetch,gem5_full_system,gem5 ARM full-system imported summary,15039569709,21858029,0.001453,139407,NA,1.000000,0.816491,PASS,research/results/gem5_arm_ubuntu_fs_yyjson_app/yyjson_app_medium_summary.csv,"Imported from research/results/gem5_arm_ubuntu_fs_yyjson_app/yyjson_app_medium_summary.csv; checksum=0x5913918638a88fc6; policy=none; rc=0 for every row in this summary. The cycles field records gem5 ROI ticks from roi_ticks when present, otherwise sim_ticks."
yyjson_app,yyjson_app_medium__seed2__poison1,2,stride,gem5_full_system,gem5 ARM full-system imported summary,14045137803,21840883,0.001555,107212,NA,1.070803,0.874301,PASS,research/results/gem5_arm_ubuntu_fs_yyjson_app/yyjson_app_medium_summary.csv,"Imported from research/results/gem5_arm_ubuntu_fs_yyjson_app/yyjson_app_medium_summary.csv; checksum=0x5913918638a88fc6; policy=stride; rc=0 for every row in this summary. The cycles field records gem5 ROI ticks from roi_ticks when present, otherwise sim_ticks."
yyjson_app,yyjson_app_medium__seed2__poison1,2,naive_dmp,gem5_full_system,gem5 ARM full-system imported summary,15024479148,21858007,0.001455,138449,NA,1.001004,0.817311,PASS,research/results/gem5_arm_ubuntu_fs_yyjson_app/yyjson_app_medium_summary.csv,"Imported from research/results/gem5_arm_ubuntu_fs_yyjson_app/yyjson_app_medium_summary.csv; checksum=0x5913918638a88fc6; policy=naive; rc=0 for every row in this summary. The cycles field records gem5 ROI ticks from roi_ticks when present, otherwise sim_ticks."
yyjson_app,yyjson_app_medium__seed2__poison1,2,copper_clpd64k_peb,gem5_full_system,gem5 ARM full-system imported summary,15029157798,21858025,0.001454,138486,NA,1.000693,0.817057,PASS,research/results/gem5_arm_ubuntu_fs_yyjson_app/yyjson_app_medium_summary.csv,"Imported from research/results/gem5_arm_ubuntu_fs_yyjson_app/yyjson_app_medium_summary.csv; checksum=0x5913918638a88fc6; policy=copper_clpd64k_peb; rc=0 for every row in this summary. The cycles field records gem5 ROI ticks from roi_ticks when present, otherwise sim_ticks."
yyjson_app,yyjson_app_medium__seed2__poison1,2,dcpt,gem5_full_system,gem5 ARM full-system imported summary,13360446180,21891937,0.001639,92509,NA,1.125679,0.919106,PASS,research/results/gem5_arm_ubuntu_fs_yyjson_app/yyjson_app_medium_summary.csv,"Imported from research/results/gem5_arm_ubuntu_fs_yyjson_app/yyjson_app_medium_summary.csv; checksum=0x5913918638a88fc6; policy=dcpt; rc=0 for every row in this summary. The cycles field records gem5 ROI ticks from roi_ticks when present, otherwise sim_ticks."
yyjson_app,yyjson_app_medium__seed2__poison1,2,spp,gem5_full_system,gem5 ARM full-system imported summary,12279671703,21887090,0.001782,61852,NA,1.224753,1.000000,PASS,research/results/gem5_arm_ubuntu_fs_yyjson_app/yyjson_app_medium_summary.csv,"Imported from research/results/gem5_arm_ubuntu_fs_yyjson_app/yyjson_app_medium_summary.csv; checksum=0x5913918638a88fc6; policy=spp; rc=0 for every row in this summary. The cycles field records gem5 ROI ticks from roi_ticks when present, otherwise sim_ticks."
yyjson_app,yyjson_app_medium__seed2__poison1,2,ampm,gem5_full_system,gem5 ARM full-system imported summary,12821854644,21887891,0.001707,83556,NA,1.172964,0.957714,PASS,research/results/gem5_arm_ubuntu_fs_yyjson_app/yyjson_app_medium_summary.csv,"Imported from research/results/gem5_arm_ubuntu_fs_yyjson_app/yyjson_app_medium_summary.csv; checksum=0x5913918638a88fc6; policy=ampm; rc=0 for every row in this summary. The cycles field records gem5 ROI ticks from roi_ticks when present, otherwise sim_ticks."
yyjson_app,yyjson_app_medium__seed2__poison1,2,spp_copper_slack,gem5_full_system,gem5 ARM full-system imported summary,12281004369,21887065,0.001782,61958,NA,1.224620,0.999891,PASS,research/results/gem5_arm_ubuntu_fs_yyjson_app/yyjson_app_medium_summary.csv,"Imported from research/results/gem5_arm_ubuntu_fs_yyjson_app/yyjson_app_medium_summary.csv; checksum=0x5913918638a88fc6; policy=spp_copper_slack; rc=0 for every row in this summary. The cycles field records gem5 ROI ticks from roi_ticks when present, otherwise sim_ticks."
yyjson_app,yyjson_app_stress__seed2__poison1,2,no_prefetch,gem5_full_system,gem5 ARM full-system imported summary,26521231887,39946448,0.001506,218987,NA,1.000000,0.779035,PASS,research/results/gem5_arm_ubuntu_fs_yyjson_app/yyjson_app_stress_summary.csv,"Imported from research/results/gem5_arm_ubuntu_fs_yyjson_app/yyjson_app_stress_summary.csv; checksum=0xa79b34679333f240; policy=none; rc=0 for every row in this summary. The cycles field records gem5 ROI ticks from roi_ticks when present, otherwise sim_ticks."
yyjson_app,yyjson_app_stress__seed2__poison1,2,stride,gem5_full_system,gem5 ARM full-system imported summary,24682011615,39952921,0.001619,166943,NA,1.074517,0.837086,PASS,research/results/gem5_arm_ubuntu_fs_yyjson_app/yyjson_app_stress_summary.csv,"Imported from research/results/gem5_arm_ubuntu_fs_yyjson_app/yyjson_app_stress_summary.csv; checksum=0xa79b34679333f240; policy=stride; rc=0 for every row in this summary. The cycles field records gem5 ROI ticks from roi_ticks when present, otherwise sim_ticks."
yyjson_app,yyjson_app_stress__seed2__poison1,2,naive_dmp,gem5_full_system,gem5 ARM full-system imported summary,26513927532,39946430,0.001507,216838,NA,1.000275,0.779249,PASS,research/results/gem5_arm_ubuntu_fs_yyjson_app/yyjson_app_stress_summary.csv,"Imported from research/results/gem5_arm_ubuntu_fs_yyjson_app/yyjson_app_stress_summary.csv; checksum=0xa79b34679333f240; policy=naive; rc=0 for every row in this summary. The cycles field records gem5 ROI ticks from roi_ticks when present, otherwise sim_ticks."
yyjson_app,yyjson_app_stress__seed2__poison1,2,copper_clpd64k_peb,gem5_full_system,gem5 ARM full-system imported summary,26507541591,39946452,0.001507,216903,NA,1.000516,0.779437,PASS,research/results/gem5_arm_ubuntu_fs_yyjson_app/yyjson_app_stress_summary.csv,"Imported from research/results/gem5_arm_ubuntu_fs_yyjson_app/yyjson_app_stress_summary.csv; checksum=0xa79b34679333f240; policy=copper_clpd64k_peb; rc=0 for every row in this summary. The cycles field records gem5 ROI ticks from roi_ticks when present, otherwise sim_ticks."
yyjson_app,yyjson_app_stress__seed2__poison1,2,dcpt,gem5_full_system,gem5 ARM full-system imported summary,23641404597,39984958,0.001691,144599,NA,1.121813,0.873931,PASS,research/results/gem5_arm_ubuntu_fs_yyjson_app/yyjson_app_stress_summary.csv,"Imported from research/results/gem5_arm_ubuntu_fs_yyjson_app/yyjson_app_stress_summary.csv; checksum=0xa79b34679333f240; policy=dcpt; rc=0 for every row in this summary. The cycles field records gem5 ROI ticks from roi_ticks when present, otherwise sim_ticks."
yyjson_app,yyjson_app_stress__seed2__poison1,2,spp,gem5_full_system,gem5 ARM full-system imported summary,20660957028,39973506,0.001935,86372,NA,1.283640,1.000000,PASS,research/results/gem5_arm_ubuntu_fs_yyjson_app/yyjson_app_stress_summary.csv,"Imported from research/results/gem5_arm_ubuntu_fs_yyjson_app/yyjson_app_stress_summary.csv; checksum=0xa79b34679333f240; policy=spp; rc=0 for every row in this summary. The cycles field records gem5 ROI ticks from roi_ticks when present, otherwise sim_ticks."
yyjson_app,yyjson_app_stress__seed2__poison1,2,ampm,gem5_full_system,gem5 ARM full-system imported summary,22440914622,39970967,0.001781,129234,NA,1.181825,0.920682,PASS,research/results/gem5_arm_ubuntu_fs_yyjson_app/yyjson_app_stress_summary.csv,"Imported from research/results/gem5_arm_ubuntu_fs_yyjson_app/yyjson_app_stress_summary.csv; checksum=0xa79b34679333f240; policy=ampm; rc=0 for every row in this summary. The cycles field records gem5 ROI ticks from roi_ticks when present, otherwise sim_ticks."
yyjson_app,yyjson_app_stress__seed2__poison1,2,spp_copper_slack,gem5_full_system,gem5 ARM full-system imported summary,20637296712,39973506,0.001937,85984,NA,1.285112,1.001146,PASS,research/results/gem5_arm_ubuntu_fs_yyjson_app/yyjson_app_stress_summary.csv,"Imported from research/results/gem5_arm_ubuntu_fs_yyjson_app/yyjson_app_stress_summary.csv; checksum=0xa79b34679333f240; policy=spp_copper_slack; rc=0 for every row in this summary. The cycles field records gem5 ROI ticks from roi_ticks when present, otherwise sim_ticks."
zlib_app,zlib_codex_raw_zlib_tiny__seed11,11,no_prefetch,gem5_full_system,gem5 ARM full-system imported summary,9642814533,35811793,0.003714,114832,NA,1.000000,1.000000,PASS,research/results/gem5_arm_ubuntu_fs_zlib_app/zlib_codex_raw_zlib_tiny_summary.csv,"Imported from research/results/gem5_arm_ubuntu_fs_zlib_app/zlib_codex_raw_zlib_tiny_summary.csv; checksum=0x7dbec8e3fca9fb9b; policy=none; rc=0 for every row in this summary. The cycles field records gem5 ROI ticks from roi_ticks when present, otherwise sim_ticks."
zlib_app,zlib_codex_raw_zlib_tiny__seed11,11,copper_clpd64k_peb,gem5_full_system,gem5 ARM full-system imported summary,9642499182,35811945,0.003714,114777,NA,1.000033,1.000033,PASS,research/results/gem5_arm_ubuntu_fs_zlib_app/zlib_codex_raw_zlib_tiny_summary.csv,"Imported from research/results/gem5_arm_ubuntu_fs_zlib_app/zlib_codex_raw_zlib_tiny_summary.csv; checksum=0x7dbec8e3fca9fb9b; policy=copper_clpd64k_peb; rc=0 for every row in this summary. The cycles field records gem5 ROI ticks from roi_ticks when present, otherwise sim_ticks."
zlib_app,zlib_zlib_seed1__seed1,1,no_prefetch,gem5_full_system,gem5 ARM full-system imported summary,11063006586,45104289,0.004077,140349,NA,1.000000,0.863736,PASS,research/results/gem5_arm_ubuntu_fs_zlib_app/zlib_zlib_seed1_summary.csv,"Imported from research/results/gem5_arm_ubuntu_fs_zlib_app/zlib_zlib_seed1_summary.csv; checksum=0x258843db93c006e3; policy=none; rc=0 for every row in this summary. The cycles field records gem5 ROI ticks from roi_ticks when present, otherwise sim_ticks."
zlib_app,zlib_zlib_seed1__seed1,1,naive_dmp,gem5_full_system,gem5 ARM full-system imported summary,11059090173,45105385,0.004079,140278,NA,1.000354,0.864042,PASS,research/results/gem5_arm_ubuntu_fs_zlib_app/zlib_zlib_seed1_summary.csv,"Imported from research/results/gem5_arm_ubuntu_fs_zlib_app/zlib_zlib_seed1_summary.csv; checksum=0x258843db93c006e3; policy=naive; rc=0 for every row in this summary. The cycles field records gem5 ROI ticks from roi_ticks when present, otherwise sim_ticks."
zlib_app,zlib_zlib_seed1__seed1,1,copper_clpd64k_peb,gem5_full_system,gem5 ARM full-system imported summary,11078494416,45090337,0.004070,140127,NA,0.998602,0.862529,PASS,research/results/gem5_arm_ubuntu_fs_zlib_app/zlib_zlib_seed1_summary.csv,"Imported from research/results/gem5_arm_ubuntu_fs_zlib_app/zlib_zlib_seed1_summary.csv; checksum=0x258843db93c006e3; policy=copper_clpd64k_peb; rc=0 for every row in this summary. The cycles field records gem5 ROI ticks from roi_ticks when present, otherwise sim_ticks."
zlib_app,zlib_zlib_seed1__seed1,1,spp,gem5_full_system,gem5 ARM full-system imported summary,9555518916,44822166,0.004691,76428,NA,1.157761,1.000000,PASS,research/results/gem5_arm_ubuntu_fs_zlib_app/zlib_zlib_seed1_summary.csv,"Imported from research/results/gem5_arm_ubuntu_fs_zlib_app/zlib_zlib_seed1_summary.csv; checksum=0x258843db93c006e3; policy=spp; rc=0 for every row in this summary. The cycles field records gem5 ROI ticks from roi_ticks when present, otherwise sim_ticks."
zlib_app,zlib_zlib_seed1__seed1,1,spp_copper_slack,gem5_full_system,gem5 ARM full-system imported summary,9552656781,44824274,0.004692,76362,NA,1.158108,1.000300,PASS,research/results/gem5_arm_ubuntu_fs_zlib_app/zlib_zlib_seed1_summary.csv,"Imported from research/results/gem5_arm_ubuntu_fs_zlib_app/zlib_zlib_seed1_summary.csv; checksum=0x258843db93c006e3; policy=spp_copper_slack; rc=0 for every row in this summary. The cycles field records gem5 ROI ticks from roi_ticks when present, otherwise sim_ticks."
zlib_app,zlib_zlib_tiny__seed0,0,no_prefetch,gem5_full_system,gem5 ARM full-system imported summary,11081529378,45106549,0.004070,140246,NA,1.000000,0.862267,PASS,research/results/gem5_arm_ubuntu_fs_zlib_app/zlib_zlib_tiny_summary.csv,"Imported from research/results/gem5_arm_ubuntu_fs_zlib_app/zlib_zlib_tiny_summary.csv; checksum=0xf5b59076d62b0a4a; policy=none; rc=0 for every row in this summary. The cycles field records gem5 ROI ticks from roi_ticks when present, otherwise sim_ticks."
zlib_app,zlib_zlib_tiny__seed0,0,naive_dmp,gem5_full_system,gem5 ARM full-system imported summary,11064164094,45120573,0.004078,140320,NA,1.001570,0.863621,PASS,research/results/gem5_arm_ubuntu_fs_zlib_app/zlib_zlib_tiny_summary.csv,"Imported from research/results/gem5_arm_ubuntu_fs_zlib_app/zlib_zlib_tiny_summary.csv; checksum=0xf5b59076d62b0a4a; policy=naive; rc=0 for every row in this summary. The cycles field records gem5 ROI ticks from roi_ticks when present, otherwise sim_ticks."
zlib_app,zlib_zlib_tiny__seed0,0,copper_clpd64k_peb,gem5_full_system,gem5 ARM full-system imported summary,11055484116,45120645,0.004081,140303,NA,1.002356,0.864299,PASS,research/results/gem5_arm_ubuntu_fs_zlib_app/zlib_zlib_tiny_summary.csv,"Imported from research/results/gem5_arm_ubuntu_fs_zlib_app/zlib_zlib_tiny_summary.csv; checksum=0xf5b59076d62b0a4a; policy=copper_clpd64k_peb; rc=0 for every row in this summary. The cycles field records gem5 ROI ticks from roi_ticks when present, otherwise sim_ticks."
zlib_app,zlib_zlib_tiny__seed0,0,spp,gem5_full_system,gem5 ARM full-system imported summary,9555242526,44838038,0.004693,76531,NA,1.159733,1.000000,PASS,research/results/gem5_arm_ubuntu_fs_zlib_app/zlib_zlib_tiny_summary.csv,"Imported from research/results/gem5_arm_ubuntu_fs_zlib_app/zlib_zlib_tiny_summary.csv; checksum=0xf5b59076d62b0a4a; policy=spp; rc=0 for every row in this summary. The cycles field records gem5 ROI ticks from roi_ticks when present, otherwise sim_ticks."
zlib_app,zlib_zlib_tiny__seed0,0,spp_copper_slack,gem5_full_system,gem5 ARM full-system imported summary,9551254851,44840146,0.004695,76452,NA,1.160217,1.000418,PASS,research/results/gem5_arm_ubuntu_fs_zlib_app/zlib_zlib_tiny_summary.csv,"Imported from research/results/gem5_arm_ubuntu_fs_zlib_app/zlib_zlib_tiny_summary.csv; checksum=0xf5b59076d62b0a4a; policy=spp_copper_slack; rc=0 for every row in this summary. The cycles field records gem5 ROI ticks from roi_ticks when present, otherwise sim_ticks."
zstd_app,zstd_zstd_seed1__seed1,1,no_prefetch,gem5_full_system,gem5 ARM full-system imported summary,9726151113,37163891,0.003821,115631,NA,1.000000,0.841433,PASS,research/results/gem5_arm_ubuntu_fs_zstd_app/zstd_zstd_seed1_summary.csv,"Imported from research/results/gem5_arm_ubuntu_fs_zstd_app/zstd_zstd_seed1_summary.csv; checksum=0x22c3e1e7b9a49990; policy=none; rc=0 for every row in this summary. The cycles field records gem5 ROI ticks from roi_ticks when present, otherwise sim_ticks."
zstd_app,zstd_zstd_seed1__seed1,1,naive_dmp,gem5_full_system,gem5 ARM full-system imported summary,9723079521,37163891,0.003822,115535,NA,1.000316,0.841699,PASS,research/results/gem5_arm_ubuntu_fs_zstd_app/zstd_zstd_seed1_summary.csv,"Imported from research/results/gem5_arm_ubuntu_fs_zstd_app/zstd_zstd_seed1_summary.csv; checksum=0x22c3e1e7b9a49990; policy=naive; rc=0 for every row in this summary. The cycles field records gem5 ROI ticks from roi_ticks when present, otherwise sim_ticks."
zstd_app,zstd_zstd_seed1__seed1,1,copper_clpd64k_peb,gem5_full_system,gem5 ARM full-system imported summary,9710575371,37150751,0.003826,115316,NA,1.001604,0.842782,PASS,research/results/gem5_arm_ubuntu_fs_zstd_app/zstd_zstd_seed1_summary.csv,"Imported from research/results/gem5_arm_ubuntu_fs_zstd_app/zstd_zstd_seed1_summary.csv; checksum=0x22c3e1e7b9a49990; policy=copper_clpd64k_peb; rc=0 for every row in this summary. The cycles field records gem5 ROI ticks from roi_ticks when present, otherwise sim_ticks."
zstd_app,zstd_zstd_seed1__seed1,1,spp,gem5_full_system,gem5 ARM full-system imported summary,8183902239,36432391,0.004452,54563,NA,1.188449,1.000000,PASS,research/results/gem5_arm_ubuntu_fs_zstd_app/zstd_zstd_seed1_summary.csv,"Imported from research/results/gem5_arm_ubuntu_fs_zstd_app/zstd_zstd_seed1_summary.csv; checksum=0x22c3e1e7b9a49990; policy=spp; rc=0 for every row in this summary. The cycles field records gem5 ROI ticks from roi_ticks when present, otherwise sim_ticks."
zstd_app,zstd_zstd_seed1__seed1,1,spp_copper_slack,gem5_full_system,gem5 ARM full-system imported summary,8177698782,36432391,0.004455,54444,NA,1.189351,1.000759,PASS,research/results/gem5_arm_ubuntu_fs_zstd_app/zstd_zstd_seed1_summary.csv,"Imported from research/results/gem5_arm_ubuntu_fs_zstd_app/zstd_zstd_seed1_summary.csv; checksum=0x22c3e1e7b9a49990; policy=spp_copper_slack; rc=0 for every row in this summary. The cycles field records gem5 ROI ticks from roi_ticks when present, otherwise sim_ticks."
zstd_app,zstd_zstd_tiny__seed0,0,no_prefetch,gem5_full_system,gem5 ARM full-system imported summary,9725094504,37163139,0.003821,115602,NA,1.000000,0.840692,PASS,research/results/gem5_arm_ubuntu_fs_zstd_app/zstd_zstd_tiny_summary.csv,"Imported from research/results/gem5_arm_ubuntu_fs_zstd_app/zstd_zstd_tiny_summary.csv; checksum=0x93d05761620949ad; policy=none; rc=0 for every row in this summary. The cycles field records gem5 ROI ticks from roi_ticks when present, otherwise sim_ticks."
zstd_app,zstd_zstd_tiny__seed0,0,naive_dmp,gem5_full_system,gem5 ARM full-system imported summary,9716717889,37163211,0.003825,115534,NA,1.000862,0.841417,PASS,research/results/gem5_arm_ubuntu_fs_zstd_app/zstd_zstd_tiny_summary.csv,"Imported from research/results/gem5_arm_ubuntu_fs_zstd_app/zstd_zstd_tiny_summary.csv; checksum=0x93d05761620949ad; policy=naive; rc=0 for every row in this summary. The cycles field records gem5 ROI ticks from roi_ticks when present, otherwise sim_ticks."
zstd_app,zstd_zstd_tiny__seed0,0,copper_clpd64k_peb,gem5_full_system,gem5 ARM full-system imported summary,9723338262,37164083,0.003822,115576,NA,1.000181,0.840844,PASS,research/results/gem5_arm_ubuntu_fs_zstd_app/zstd_zstd_tiny_summary.csv,"Imported from research/results/gem5_arm_ubuntu_fs_zstd_app/zstd_zstd_tiny_summary.csv; checksum=0x93d05761620949ad; policy=copper_clpd64k_peb; rc=0 for every row in this summary. The cycles field records gem5 ROI ticks from roi_ticks when present, otherwise sim_ticks."
zstd_app,zstd_zstd_tiny__seed0,0,spp,gem5_full_system,gem5 ARM full-system imported summary,8175813336,36432583,0.004456,54519,NA,1.189496,1.000000,PASS,research/results/gem5_arm_ubuntu_fs_zstd_app/zstd_zstd_tiny_summary.csv,"Imported from research/results/gem5_arm_ubuntu_fs_zstd_app/zstd_zstd_tiny_summary.csv; checksum=0x93d05761620949ad; policy=spp; rc=0 for every row in this summary. The cycles field records gem5 ROI ticks from roi_ticks when present, otherwise sim_ticks."
zstd_app,zstd_zstd_tiny__seed0,0,spp_copper_slack,gem5_full_system,gem5 ARM full-system imported summary,8193562236,36432531,0.004446,54429,NA,1.186919,0.997834,PASS,research/results/gem5_arm_ubuntu_fs_zstd_app/zstd_zstd_tiny_summary.csv,"Imported from research/results/gem5_arm_ubuntu_fs_zstd_app/zstd_zstd_tiny_summary.csv; checksum=0x93d05761620949ad; policy=spp_copper_slack; rc=0 for every row in this summary. The cycles field records gem5 ROI ticks from roi_ticks when present, otherwise sim_ticks."
